annee,mois,mois_nom,hotel_id,nationalite,nb_arrivees
2023,1,Janvier,1,Allemands,5
2023,1,Janvier,1,Francais,40
2023,1,Janvier,1,Italiens,17
2023,1,Janvier,1,Anglais,6
2023,1,Janvier,1,Belges,2
2023,1,Janvier,1,Autrichiens,1
2023,1,Janvier,1,Turcs,5
2023,1,Janvier,1,Divers Européens,1
2023,1,Janvier,1,USA,6
2023,1,Janvier,1,Japonais,1
2023,1,Janvier,1,Marocains,3
2023,1,Janvier,1,Algériens,30
2023,1,Janvier,1,Libyens,7
2023,1,Janvier,1,Africains,6
2023,1,Janvier,1,Saoudiens,3
2023,1,Janvier,1,Syriens,2
2023,1,Janvier,1,Emiratis,2
2023,1,Janvier,1,Egyptiens,1
2023,1,Janvier,1,Divers,4
2023,1,Janvier,1,Résidents Tunisiens,1214
2023,2,Fevrier,1,Allemands,5
2023,2,Fevrier,1,Francais,119
2023,2,Fevrier,1,Italiens,25
2023,2,Fevrier,1,Anglais,9
2023,2,Fevrier,1,Belges,3
2023,2,Fevrier,1,Suisses,4
2023,2,Fevrier,1,Hollandais,1
2023,2,Fevrier,1,Autrichiens,1
2023,2,Fevrier,1,Turcs,2
2023,2,Fevrier,1,Irlandais,4
2023,2,Fevrier,1,Russes,2
2023,2,Fevrier,1,Serbes,4
2023,2,Fevrier,1,Polonais,2
2023,2,Fevrier,1,Slovaques,1
2023,2,Fevrier,1,Hongrois,1
2023,2,Fevrier,1,Roumains,1
2023,2,Fevrier,1,Divers Européens,1
2023,2,Fevrier,1,Canadiens,1
2023,2,Fevrier,1,USA,4
2023,2,Fevrier,1,Brésiliens,1
2023,2,Fevrier,1,Marocains,4
2023,2,Fevrier,1,Algériens,51
2023,2,Fevrier,1,Libyens,22
2023,2,Fevrier,1,Africains,1
2023,2,Fevrier,1,Saoudiens,5
2023,2,Fevrier,1,Libanais,1
2023,2,Fevrier,1,Jordaniens,1
2023,2,Fevrier,1,Qataris,3
2023,2,Fevrier,1,Emiratis,1
2023,2,Fevrier,1,Egyptiens,2
2023,2,Fevrier,1,Divers,1
2023,2,Fevrier,1,Tunisiens Res . Etr,8
2023,2,Fevrier,1,Résidents Tunisiens,1575
2023,3,Mars,1,Allemands,6
2023,3,Mars,1,Francais,161
2023,3,Mars,1,Italiens,17
2023,3,Mars,1,Anglais,10
2023,3,Mars,1,Espagnols,1
2023,3,Mars,1,Belges,2
2023,3,Mars,1,Suisses,24
2023,3,Mars,1,Hollandais,3
2023,3,Mars,1,Suédois,1
2023,3,Mars,1,Turcs,2
2023,3,Mars,1,Russes,7
2023,3,Mars,1,Serbes,30
2023,3,Mars,1,Bulgares,2
2023,3,Mars,1,Roumains,1
2023,3,Mars,1,Canadiens,5
2023,3,Mars,1,USA,3
2023,3,Mars,1,Divers Américains,1
2023,3,Mars,1,Marocains,40
2023,3,Mars,1,Algériens,81
2023,3,Mars,1,Libyens,2
2023,3,Mars,1,Mauritaniens,2
2023,3,Mars,1,Africains,3
2023,3,Mars,1,Saoudiens,7
2023,3,Mars,1,Emiratis,2
2023,3,Mars,1,Egyptiens,1
2023,3,Mars,1,Divers,4
2023,3,Mars,1,Tunisiens Res . Etr,2
2023,3,Mars,1,Résidents Tunisiens,1065
2023,4,Avril,1,Allemands,28
2023,4,Avril,1,Francais,253
2023,4,Avril,1,Italiens,83
2023,4,Avril,1,Anglais,15
2023,4,Avril,1,Espagnols,2
2023,4,Avril,1,Belges,12
2023,4,Avril,1,Suisses,28
2023,4,Avril,1,Hollandais,7
2023,4,Avril,1,Suédois,4
2023,4,Avril,1,Turcs,9
2023,4,Avril,1,Irlandais,6
2023,4,Avril,1,Maltais,1
2023,4,Avril,1,Russes,15
2023,4,Avril,1,Polonais,3
2023,4,Avril,1,Ukrainiens,3
2023,4,Avril,1,Roumains,2
2023,4,Avril,1,Canadiens,1
2023,4,Avril,1,USA,11
2023,4,Avril,1,Chinois,2
2023,4,Avril,1,Marocains,6
2023,4,Avril,1,Algériens,31
2023,4,Avril,1,Libyens,7
2023,4,Avril,1,Saoudiens,3
2023,4,Avril,1,Syriens,9
2023,4,Avril,1,Libanais,1
2023,4,Avril,1,koweitiens,2
2023,4,Avril,1,Egyptiens,2
2023,4,Avril,1,Tunisiens Res . Etr,10
2023,4,Avril,1,Résidents Tunisiens,1098
2023,5,Mai,1,Allemands,47
2023,5,Mai,1,Francais,540
2023,5,Mai,1,Italiens,38
2023,5,Mai,1,Anglais,124
2023,5,Mai,1,Espagnols,9
2023,5,Mai,1,Belges,29
2023,5,Mai,1,Suisses,28
2023,5,Mai,1,Hollandais,14
2023,5,Mai,1,Finlandais,1
2023,5,Mai,1,Grecs,2
2023,5,Mai,1,Portugais,3
2023,5,Mai,1,Turcs,3
2023,5,Mai,1,Irlandais,15
2023,5,Mai,1,Russes,29
2023,5,Mai,1,Serbes,5
2023,5,Mai,1,Tchèques,49
2023,5,Mai,1,Polonais,15
2023,5,Mai,1,Slovaques,1
2023,5,Mai,1,Bulgares,4
2023,5,Mai,1,Lituaniens,2
2023,5,Mai,1,Roumains,10
2023,5,Mai,1,Divers Européens,11
2023,5,Mai,1,Canadiens,2
2023,5,Mai,1,USA,5
2023,5,Mai,1,Australiens,4
2023,5,Mai,1,Chinois,7
2023,5,Mai,1,Marocains,16
2023,5,Mai,1,Algériens,38
2023,5,Mai,1,Libyens,17
2023,5,Mai,1,Mauritaniens,2
2023,5,Mai,1,Africains,3
2023,5,Mai,1,Saoudiens,5
2023,5,Mai,1,Syriens,3
2023,5,Mai,1,Irakiens,2
2023,5,Mai,1,Jordaniens,1
2023,5,Mai,1,Qataris,4
2023,5,Mai,1,Oumanais,2
2023,5,Mai,1,Egyptiens,1
2023,5,Mai,1,Tunisiens Res . Etr,9
2023,5,Mai,1,Résidents Tunisiens,1421
2023,5,Mai,1,Res. Etr. en Tunisie,5
2023,6,Juin,1,Allemands,46
2023,6,Juin,1,Francais,321
2023,6,Juin,1,Italiens,23
2023,6,Juin,1,Anglais,156
2023,6,Juin,1,Espagnols,25
2023,6,Juin,1,Belges,15
2023,6,Juin,1,Suisses,44
2023,6,Juin,1,Hollandais,10
2023,6,Juin,1,Autrichiens,2
2023,6,Juin,1,Norvégiens,3
2023,6,Juin,1,Portugais,5
2023,6,Juin,1,Turcs,7
2023,6,Juin,1,Irlandais,21
2023,6,Juin,1,Russes,56
2023,6,Juin,1,Serbes,16
2023,6,Juin,1,Tchèques,17
2023,6,Juin,1,Polonais,19
2023,6,Juin,1,Hongrois,4
2023,6,Juin,1,Bulgares,10
2023,6,Juin,1,Croates,4
2023,6,Juin,1,Lituaniens,1
2023,6,Juin,1,Roumains,77
2023,6,Juin,1,Divers Européens,17
2023,6,Juin,1,Canadiens,16
2023,6,Juin,1,USA,25
2023,6,Juin,1,Brésiliens,6
2023,6,Juin,1,Marocains,15
2023,6,Juin,1,Algériens,36
2023,6,Juin,1,Libyens,14
2023,6,Juin,1,Africains,5
2023,6,Juin,1,Saoudiens,6
2023,6,Juin,1,Syriens,2
2023,6,Juin,1,Irakiens,2
2023,6,Juin,1,Jordaniens,17
2023,6,Juin,1,koweitiens,2
2023,6,Juin,1,Soudanais,1
2023,6,Juin,1,Emiratis,3
2023,6,Juin,1,Egyptiens,9
2023,6,Juin,1,Divers,2
2023,6,Juin,1,Tunisiens Res . Etr,3
2023,6,Juin,1,Résidents Tunisiens,1642
2023,6,Juin,1,Res. Etr. en Tunisie,9
2023,7,Juillet,1,Allemands,40
2023,7,Juillet,1,Francais,269
2023,7,Juillet,1,Italiens,46
2023,7,Juillet,1,Anglais,75
2023,7,Juillet,1,Espagnols,3
2023,7,Juillet,1,Belges,26
2023,7,Juillet,1,Suisses,22
2023,7,Juillet,1,Hollandais,6
2023,7,Juillet,1,Autrichiens,2
2023,7,Juillet,1,Luxembourgeois,2
2023,7,Juillet,1,Danois,1
2023,7,Juillet,1,Turcs,3
2023,7,Juillet,1,Irlandais,21
2023,7,Juillet,1,Russes,46
2023,7,Juillet,1,Serbes,20
2023,7,Juillet,1,Tchèques,43
2023,7,Juillet,1,Polonais,13
2023,7,Juillet,1,Slovaques,3
2023,7,Juillet,1,Hongrois,2
2023,7,Juillet,1,Bulgares,16
2023,7,Juillet,1,Lituaniens,2
2023,7,Juillet,1,Roumains,91
2023,7,Juillet,1,Divers Européens,32
2023,7,Juillet,1,Canadiens,5
2023,7,Juillet,1,USA,15
2023,7,Juillet,1,Brésiliens,1
2023,7,Juillet,1,Marocains,11
2023,7,Juillet,1,Algériens,68
2023,7,Juillet,1,Libyens,38
2023,7,Juillet,1,Saoudiens,2
2023,7,Juillet,1,Syriens,1
2023,7,Juillet,1,Irakiens,2
2023,7,Juillet,1,Libanais,6
2023,7,Juillet,1,Jordaniens,5
2023,7,Juillet,1,Qataris,2
2023,7,Juillet,1,Emiratis,6
2023,7,Juillet,1,Egyptiens,2
2023,7,Juillet,1,Divers,3
2023,7,Juillet,1,Résidents Tunisiens,2615
2023,7,Juillet,1,Res. Etr. en Tunisie,4
2023,8,Aout,1,Allemands,59
2023,8,Aout,1,Francais,437
2023,8,Aout,1,Italiens,67
2023,8,Aout,1,Anglais,71
2023,8,Aout,1,Espagnols,9
2023,8,Aout,1,Belges,15
2023,8,Aout,1,Suisses,16
2023,8,Aout,1,Hollandais,10
2023,8,Aout,1,Autrichiens,5
2023,8,Aout,1,Norvégiens,3
2023,8,Aout,1,Portugais,8
2023,8,Aout,1,Turcs,3
2023,8,Aout,1,Irlandais,5
2023,8,Aout,1,Russes,70
2023,8,Aout,1,Serbes,13
2023,8,Aout,1,Tchèques,18
2023,8,Aout,1,Polonais,24
2023,8,Aout,1,Bulgares,12
2023,8,Aout,1,Ukrainiens,2
2023,8,Aout,1,Lituaniens,2
2023,8,Aout,1,Roumains,52
2023,8,Aout,1,Divers Européens,15
2023,8,Aout,1,Canadiens,3
2023,8,Aout,1,USA,2
2023,8,Aout,1,Brésiliens,2
2023,8,Aout,1,Australiens,3
2023,8,Aout,1,Chinois,5
2023,8,Aout,1,Marocains,2
2023,8,Aout,1,Algériens,87
2023,8,Aout,1,Libyens,18
2023,8,Aout,1,Saoudiens,5
2023,8,Aout,1,Libanais,2
2023,8,Aout,1,koweitiens,3
2023,8,Aout,1,Qataris,2
2023,8,Aout,1,Emiratis,3
2023,8,Aout,1,Egyptiens,2
2023,8,Aout,1,Tunisiens Res . Etr,6
2023,8,Aout,1,Résidents Tunisiens,2016
2023,9,Septembre,1,Allemands,116
2023,9,Septembre,1,Francais,639
2023,9,Septembre,1,Italiens,53
2023,9,Septembre,1,Anglais,154
2023,9,Septembre,1,Espagnols,4
2023,9,Septembre,1,Belges,29
2023,9,Septembre,1,Suisses,36
2023,9,Septembre,1,Hollandais,9
2023,9,Septembre,1,Danois,1
2023,9,Septembre,1,Finlandais,1
2023,9,Septembre,1,Portugais,6
2023,9,Septembre,1,Turcs,21
2023,9,Septembre,1,Irlandais,37
2023,9,Septembre,1,Russes,76
2023,9,Septembre,1,Serbes,44
2023,9,Septembre,1,Tchèques,12
2023,9,Septembre,1,Polonais,40
2023,9,Septembre,1,Bulgares,26
2023,9,Septembre,1,Ukrainiens,4
2023,9,Septembre,1,Roumains,69
2023,9,Septembre,1,Divers Européens,10
2023,9,Septembre,1,Canadiens,5
2023,9,Septembre,1,USA,4
2023,9,Septembre,1,Brésiliens,1
2023,9,Septembre,1,Divers Américains,1
2023,9,Septembre,1,Japonais,4
2023,9,Septembre,1,Marocains,6
2023,9,Septembre,1,Algériens,63
2023,9,Septembre,1,Libyens,13
2023,9,Septembre,1,Africains,3
2023,9,Septembre,1,Irakiens,1
2023,9,Septembre,1,Libanais,2
2023,9,Septembre,1,koweitiens,4
2023,9,Septembre,1,Soudanais,1
2023,9,Septembre,1,Emiratis,3
2023,9,Septembre,1,Egyptiens,16
2023,9,Septembre,1,Tunisiens Res . Etr,2
2023,9,Septembre,1,Résidents Tunisiens,958
2023,9,Septembre,1,Res. Etr. en Tunisie,2
2023,10,Octobre,1,Allemands,107
2023,10,Octobre,1,Francais,665
2023,10,Octobre,1,Italiens,25
2023,10,Octobre,1,Anglais,104
2023,10,Octobre,1,Espagnols,6
2023,10,Octobre,1,Belges,17
2023,10,Octobre,1,Suisses,57
2023,10,Octobre,1,Hollandais,18
2023,10,Octobre,1,Autrichiens,4
2023,10,Octobre,1,Danois,2
2023,10,Octobre,1,Suédois,1
2023,10,Octobre,1,Finlandais,4
2023,10,Octobre,1,Portugais,10
2023,10,Octobre,1,Turcs,6
2023,10,Octobre,1,Irlandais,29
2023,10,Octobre,1,Russes,33
2023,10,Octobre,1,Tchèques,2
2023,10,Octobre,1,Polonais,11
2023,10,Octobre,1,Ukrainiens,3
2023,10,Octobre,1,Roumains,24
2023,10,Octobre,1,Divers Européens,3
2023,10,Octobre,1,Canadiens,6
2023,10,Octobre,1,USA,19
2023,10,Octobre,1,Brésiliens,1
2023,10,Octobre,1,Divers Américains,2
2023,10,Octobre,1,Chinois,3
2023,10,Octobre,1,Japonais,2
2023,10,Octobre,1,Marocains,17
2023,10,Octobre,1,Algériens,110
2023,10,Octobre,1,Libyens,56
2023,10,Octobre,1,Mauritaniens,1
2023,10,Octobre,1,Africains,2
2023,10,Octobre,1,Saoudiens,4
2023,10,Octobre,1,Irakiens,2
2023,10,Octobre,1,Jordaniens,6
2023,10,Octobre,1,Bahreïnis,2
2023,10,Octobre,1,Oumanais,2
2023,10,Octobre,1,Egyptiens,5
2023,10,Octobre,1,Tunisiens Res . Etr,7
2023,10,Octobre,1,Résidents Tunisiens,1259
2023,10,Octobre,1,Res. Etr. en Tunisie,2
2023,11,Novembre,1,Allemands,53
2023,11,Novembre,1,Francais,428
2023,11,Novembre,1,Italiens,49
2023,11,Novembre,1,Anglais,105
2023,11,Novembre,1,Espagnols,6
2023,11,Novembre,1,Belges,13
2023,11,Novembre,1,Suisses,27
2023,11,Novembre,1,Hollandais,2
2023,11,Novembre,1,Autrichiens,2
2023,11,Novembre,1,Suédois,3
2023,11,Novembre,1,Portugais,3
2023,11,Novembre,1,Irlandais,13
2023,11,Novembre,1,Maltais,1
2023,11,Novembre,1,Russes,5
2023,11,Novembre,1,Hongrois,2
2023,11,Novembre,1,Ukrainiens,2
2023,11,Novembre,1,Croates,1
2023,11,Novembre,1,Roumains,1
2023,11,Novembre,1,Canadiens,13
2023,11,Novembre,1,USA,4
2023,11,Novembre,1,Brésiliens,6
2023,11,Novembre,1,Japonais,5
2023,11,Novembre,1,Marocains,10
2023,11,Novembre,1,Algériens,46
2023,11,Novembre,1,Libyens,17
2023,11,Novembre,1,Africains,4
2023,11,Novembre,1,Saoudiens,3
2023,11,Novembre,1,Syriens,1
2023,11,Novembre,1,Irakiens,7
2023,11,Novembre,1,Jordaniens,6
2023,11,Novembre,1,Egyptiens,2
2023,11,Novembre,1,Divers,2
2023,11,Novembre,1,Tunisiens Res . Etr,35
2023,11,Novembre,1,Résidents Tunisiens,1246
2023,11,Novembre,1,Res. Etr. en Tunisie,2
2023,12,Decembre,1,Allemands,29
2023,12,Decembre,1,Francais,287
2023,12,Decembre,1,Italiens,48
2023,12,Decembre,1,Anglais,59
2023,12,Decembre,1,Belges,9
2023,12,Decembre,1,Suisses,15
2023,12,Decembre,1,Norvégiens,2
2023,12,Decembre,1,Portugais,2
2023,12,Decembre,1,Irlandais,16
2023,12,Decembre,1,Russes,22
2023,12,Decembre,1,Polonais,2
2023,12,Decembre,1,Bulgares,79
2023,12,Decembre,1,Ukrainiens,5
2023,12,Decembre,1,Divers Européens,6
2023,12,Decembre,1,Canadiens,1
2023,12,Decembre,1,USA,8
2023,12,Decembre,1,Japonais,2
2023,12,Decembre,1,Marocains,1
2023,12,Decembre,1,Algériens,47
2023,12,Decembre,1,Libyens,63
2023,12,Decembre,1,Africains,1
2023,12,Decembre,1,Divers,2
2023,12,Decembre,1,Résidents Tunisiens,1548
2024,1,Janvier,1,Allemands,29
2024,1,Janvier,1,Francais,173
2024,1,Janvier,1,Italiens,39
2024,1,Janvier,1,Anglais,40
2024,1,Janvier,1,Espagnols,1
2024,1,Janvier,1,Belges,7
2024,1,Janvier,1,Suisses,4
2024,1,Janvier,1,Hollandais,2
2024,1,Janvier,1,Grecs,1
2024,1,Janvier,1,Turcs,2
2024,1,Janvier,1,Irlandais,15
2024,1,Janvier,1,Russes,10
2024,1,Janvier,1,Hongrois,2
2024,1,Janvier,1,Roumains,1
2024,1,Janvier,1,Divers Européens,8
2024,1,Janvier,1,Canadiens,1
2024,1,Janvier,1,USA,4
2024,1,Janvier,1,Brésiliens,2
2024,1,Janvier,1,Chinois,6
2024,1,Janvier,1,Japonais,21
2024,1,Janvier,1,Marocains,2
2024,1,Janvier,1,Algériens,29
2024,1,Janvier,1,Libyens,30
2024,1,Janvier,1,Africains,9
2024,1,Janvier,1,Saoudiens,1
2024,1,Janvier,1,koweitiens,6
2024,1,Janvier,1,Résidents Tunisiens,1306
2024,2,Fevrier,1,Allemands,16
2024,2,Fevrier,1,Francais,257
2024,2,Fevrier,1,Italiens,10
2024,2,Fevrier,1,Anglais,67
2024,2,Fevrier,1,Belges,6
2024,2,Fevrier,1,Suisses,4
2024,2,Fevrier,1,Hollandais,4
2024,2,Fevrier,1,Autrichiens,2
2024,2,Fevrier,1,Irlandais,27
2024,2,Fevrier,1,Russes,4
2024,2,Fevrier,1,Polonais,1
2024,2,Fevrier,1,Hongrois,2
2024,2,Fevrier,1,Roumains,2
2024,2,Fevrier,1,Divers Européens,4
2024,2,Fevrier,1,Canadiens,3
2024,2,Fevrier,1,USA,7
2024,2,Fevrier,1,Chinois,6
2024,2,Fevrier,1,Marocains,6
2024,2,Fevrier,1,Algériens,64
2024,2,Fevrier,1,Libyens,11
2024,2,Fevrier,1,Mauritaniens,3
2024,2,Fevrier,1,Africains,1
2024,2,Fevrier,1,Saoudiens,4
2024,2,Fevrier,1,Syriens,2
2024,2,Fevrier,1,Jordaniens,3
2024,2,Fevrier,1,Oumanais,1
2024,2,Fevrier,1,Egyptiens,2
2024,2,Fevrier,1,Tunisiens Res . Etr,1
2024,2,Fevrier,1,Résidents Tunisiens,1837
2024,3,Mars,1,Allemands,46
2024,3,Mars,1,Francais,414
2024,3,Mars,1,Italiens,21
2024,3,Mars,1,Anglais,113
2024,3,Mars,1,Espagnols,4
2024,3,Mars,1,Belges,2
2024,3,Mars,1,Suisses,15
2024,3,Mars,1,Hollandais,3
2024,3,Mars,1,Luxembourgeois,2
2024,3,Mars,1,Portugais,1
2024,3,Mars,1,Irlandais,23
2024,3,Mars,1,Russes,3
2024,3,Mars,1,Polonais,4
2024,3,Mars,1,Roumains,4
2024,3,Mars,1,Divers Européens,39
2024,3,Mars,1,Chinois,28
2024,3,Mars,1,Marocains,7
2024,3,Mars,1,Algériens,16
2024,3,Mars,1,Africains,3
2024,3,Mars,1,Libanais,1
2024,3,Mars,1,Yémenites,4
2024,3,Mars,1,Egyptiens,1
2024,3,Mars,1,Divers,13
2024,3,Mars,1,Résidents Tunisiens,943
2024,4,Avril,1,Allemands,23
2024,4,Avril,1,Francais,623
2024,4,Avril,1,Italiens,86
2024,4,Avril,1,Anglais,161
2024,4,Avril,1,Espagnols,12
2024,4,Avril,1,Belges,27
2024,4,Avril,1,Suisses,22
2024,4,Avril,1,Hollandais,18
2024,4,Avril,1,Luxembourgeois,2
2024,4,Avril,1,Suédois,4
2024,4,Avril,1,Grecs,3
2024,4,Avril,1,Portugais,5
2024,4,Avril,1,Turcs,14
2024,4,Avril,1,Irlandais,29
2024,4,Avril,1,Russes,9
2024,4,Avril,1,Polonais,18
2024,4,Avril,1,Bulgares,1
2024,4,Avril,1,Roumains,14
2024,4,Avril,1,Divers Européens,33
2024,4,Avril,1,Canadiens,3
2024,4,Avril,1,Brésiliens,1
2024,4,Avril,1,Chinois,11
2024,4,Avril,1,Marocains,6
2024,4,Avril,1,Algériens,71
2024,4,Avril,1,Libyens,11
2024,4,Avril,1,Africains,1
2024,4,Avril,1,Saoudiens,6
2024,4,Avril,1,Libanais,1
2024,4,Avril,1,Jordaniens,8
2024,4,Avril,1,koweitiens,2
2024,4,Avril,1,Qataris,1
2024,4,Avril,1,Oumanais,1
2024,4,Avril,1,Emiratis,8
2024,4,Avril,1,Egyptiens,1
2024,4,Avril,1,Tunisiens Res . Etr,7
2024,4,Avril,1,Résidents Tunisiens,1202
2024,5,Mai,1,Allemands,141
2024,5,Mai,1,Francais,720
2024,5,Mai,1,Italiens,61
2024,5,Mai,1,Anglais,292
2024,5,Mai,1,Espagnols,18
2024,5,Mai,1,Belges,16
2024,5,Mai,1,Suisses,40
2024,5,Mai,1,Hollandais,19
2024,5,Mai,1,Norvégiens,14
2024,5,Mai,1,Finlandais,4
2024,5,Mai,1,Grecs,4
2024,5,Mai,1,Portugais,4
2024,5,Mai,1,Turcs,7
2024,5,Mai,1,Irlandais,53
2024,5,Mai,1,Russes,50
2024,5,Mai,1,Tchèques,1
2024,5,Mai,1,Polonais,37
2024,5,Mai,1,Slovaques,1
2024,5,Mai,1,Hongrois,2
2024,5,Mai,1,Bulgares,11
2024,5,Mai,1,Croates,2
2024,5,Mai,1,Lituaniens,2
2024,5,Mai,1,Roumains,48
2024,5,Mai,1,Divers Européens,23
2024,5,Mai,1,Canadiens,11
2024,5,Mai,1,USA,11
2024,5,Mai,1,Divers Américains,3
2024,5,Mai,1,Australiens,2
2024,5,Mai,1,Chinois,15
2024,5,Mai,1,Marocains,14
2024,5,Mai,1,Algériens,61
2024,5,Mai,1,Libyens,7
2024,5,Mai,1,Africains,4
2024,5,Mai,1,Saoudiens,17
2024,5,Mai,1,Libanais,1
2024,5,Mai,1,Jordaniens,2
2024,5,Mai,1,koweitiens,1
2024,5,Mai,1,Bahreïnis,2
2024,5,Mai,1,Emiratis,2
2024,5,Mai,1,Tunisiens Res . Etr,6
2024,5,Mai,1,Résidents Tunisiens,899
2024,6,Juin,1,Allemands,150
2024,6,Juin,1,Francais,387
2024,6,Juin,1,Italiens,60
2024,6,Juin,1,Anglais,254
2024,6,Juin,1,Espagnols,11
2024,6,Juin,1,Belges,24
2024,6,Juin,1,Suisses,50
2024,6,Juin,1,Hollandais,25
2024,6,Juin,1,Autrichiens,2
2024,6,Juin,1,Luxembourgeois,1
2024,6,Juin,1,Danois,2
2024,6,Juin,1,Norvégiens,2
2024,6,Juin,1,Suédois,8
2024,6,Juin,1,Finlandais,24
2024,6,Juin,1,Portugais,13
2024,6,Juin,1,Turcs,7
2024,6,Juin,1,Irlandais,33
2024,6,Juin,1,Russes,30
2024,6,Juin,1,Serbes,8
2024,6,Juin,1,Tchèques,11
2024,6,Juin,1,Polonais,24
2024,6,Juin,1,Hongrois,8
2024,6,Juin,1,Bulgares,32
2024,6,Juin,1,Ukrainiens,4
2024,6,Juin,1,Croates,1
2024,6,Juin,1,Lituaniens,2
2024,6,Juin,1,Roumains,135
2024,6,Juin,1,Divers Européens,29
2024,6,Juin,1,Canadiens,5
2024,6,Juin,1,USA,12
2024,6,Juin,1,Brésiliens,2
2024,6,Juin,1,Chinois,2
2024,6,Juin,1,Japonais,1
2024,6,Juin,1,Marocains,11
2024,6,Juin,1,Algériens,48
2024,6,Juin,1,Libyens,15
2024,6,Juin,1,Africains,5
2024,6,Juin,1,Saoudiens,3
2024,6,Juin,1,Irakiens,1
2024,6,Juin,1,Jordaniens,5
2024,6,Juin,1,koweitiens,1
2024,6,Juin,1,Soudanais,1
2024,6,Juin,1,Qataris,1
2024,6,Juin,1,Egyptiens,2
2024,6,Juin,1,Divers,4
2024,6,Juin,1,Tunisiens Res . Etr,3
2024,6,Juin,1,Résidents Tunisiens,1020
2024,7,Juillet,1,Allemands,155
2024,7,Juillet,1,Francais,227
2024,7,Juillet,1,Italiens,17
2024,7,Juillet,1,Anglais,196
2024,7,Juillet,1,Espagnols,3
2024,7,Juillet,1,Belges,18
2024,7,Juillet,1,Suisses,35
2024,7,Juillet,1,Hollandais,39
2024,7,Juillet,1,Autrichiens,3
2024,7,Juillet,1,Danois,5
2024,7,Juillet,1,Norvégiens,2
2024,7,Juillet,1,Suédois,10
2024,7,Juillet,1,Finlandais,8
2024,7,Juillet,1,Portugais,4
2024,7,Juillet,1,Turcs,3
2024,7,Juillet,1,Irlandais,24
2024,7,Juillet,1,Russes,29
2024,7,Juillet,1,Serbes,4
2024,7,Juillet,1,Tchèques,13
2024,7,Juillet,1,Polonais,28
2024,7,Juillet,1,Slovaques,3
2024,7,Juillet,1,Hongrois,2
2024,7,Juillet,1,Bulgares,16
2024,7,Juillet,1,Ukrainiens,17
2024,7,Juillet,1,Roumains,141
2024,7,Juillet,1,Divers Européens,26
2024,7,Juillet,1,Canadiens,3
2024,7,Juillet,1,USA,9
2024,7,Juillet,1,Australiens,4
2024,7,Juillet,1,Chinois,2
2024,7,Juillet,1,Marocains,1
2024,7,Juillet,1,Algériens,46
2024,7,Juillet,1,Libyens,23
2024,7,Juillet,1,Saoudiens,4
2024,7,Juillet,1,Syriens,4
2024,7,Juillet,1,Irakiens,4
2024,7,Juillet,1,Jordaniens,2
2024,7,Juillet,1,koweitiens,2
2024,7,Juillet,1,Qataris,1
2024,7,Juillet,1,Tunisiens Res . Etr,2
2024,7,Juillet,1,Résidents Tunisiens,1901
2024,8,Aout,1,Allemands,219
2024,8,Aout,1,Francais,339
2024,8,Aout,1,Italiens,55
2024,8,Aout,1,Anglais,173
2024,8,Aout,1,Espagnols,18
2024,8,Aout,1,Belges,28
2024,8,Aout,1,Suisses,32
2024,8,Aout,1,Hollandais,25
2024,8,Aout,1,Autrichiens,1
2024,8,Aout,1,Luxembourgeois,2
2024,8,Aout,1,Danois,1
2024,8,Aout,1,Portugais,3
2024,8,Aout,1,Turcs,1
2024,8,Aout,1,Irlandais,18
2024,8,Aout,1,Russes,60
2024,8,Aout,1,Serbes,4
2024,8,Aout,1,Tchèques,24
2024,8,Aout,1,Polonais,29
2024,8,Aout,1,Slovaques,2
2024,8,Aout,1,Bulgares,10
2024,8,Aout,1,Slovènes,1
2024,8,Aout,1,Ukrainiens,5
2024,8,Aout,1,Roumains,151
2024,8,Aout,1,Divers Européens,41
2024,8,Aout,1,Canadiens,3
2024,8,Aout,1,USA,1
2024,8,Aout,1,Marocains,5
2024,8,Aout,1,Algériens,54
2024,8,Aout,1,Libyens,18
2024,8,Aout,1,Africains,2
2024,8,Aout,1,Saoudiens,4
2024,8,Aout,1,Syriens,1
2024,8,Aout,1,Irakiens,1
2024,8,Aout,1,Jordaniens,3
2024,8,Aout,1,Palestiniens,2
2024,8,Aout,1,koweitiens,1
2024,8,Aout,1,Emiratis,8
2024,8,Aout,1,Egyptiens,5
2024,8,Aout,1,Tunisiens Res . Etr,10
2024,8,Aout,1,Résidents Tunisiens,1409
2024,9,Septembre,1,Allemands,267
2024,9,Septembre,1,Francais,326
2024,9,Septembre,1,Italiens,32
2024,9,Septembre,1,Anglais,248
2024,9,Septembre,1,Espagnols,1
2024,9,Septembre,1,Belges,48
2024,9,Septembre,1,Suisses,32
2024,9,Septembre,1,Hollandais,15
2024,9,Septembre,1,Autrichiens,6
2024,9,Septembre,1,Luxembourgeois,1
2024,9,Septembre,1,Norvégiens,5
2024,9,Septembre,1,Suédois,5
2024,9,Septembre,1,Finlandais,9
2024,9,Septembre,1,Portugais,6
2024,9,Septembre,1,Turcs,6
2024,9,Septembre,1,Irlandais,33
2024,9,Septembre,1,Russes,34
2024,9,Septembre,1,Serbes,5
2024,9,Septembre,1,Tchèques,10
2024,9,Septembre,1,Polonais,29
2024,9,Septembre,1,Slovaques,2
2024,9,Septembre,1,Hongrois,7
2024,9,Septembre,1,Bulgares,54
2024,9,Septembre,1,Ukrainiens,1
2024,9,Septembre,1,Croates,1
2024,9,Septembre,1,Lituaniens,3
2024,9,Septembre,1,Roumains,183
2024,9,Septembre,1,Divers Européens,49
2024,9,Septembre,1,Canadiens,5
2024,9,Septembre,1,USA,5
2024,9,Septembre,1,Brésiliens,2
2024,9,Septembre,1,Australiens,1
2024,9,Septembre,1,Chinois,1
2024,9,Septembre,1,Marocains,9
2024,9,Septembre,1,Algériens,45
2024,9,Septembre,1,Libyens,11
2024,9,Septembre,1,Africains,1
2024,9,Septembre,1,Saoudiens,3
2024,9,Septembre,1,Irakiens,1
2024,9,Septembre,1,Libanais,2
2024,9,Septembre,1,Jordaniens,4
2024,9,Septembre,1,koweitiens,2
2024,9,Septembre,1,Soudanais,1
2024,9,Septembre,1,Qataris,2
2024,9,Septembre,1,Bahreïnis,1
2024,9,Septembre,1,Egyptiens,1
2024,9,Septembre,1,Tunisiens Res . Etr,5
2024,9,Septembre,1,Résidents Tunisiens,588
2024,10,Octobre,1,Allemands,232
2024,10,Octobre,1,Francais,670
2024,10,Octobre,1,Italiens,32
2024,10,Octobre,1,Anglais,226
2024,10,Octobre,1,Espagnols,6
2024,10,Octobre,1,Belges,44
2024,10,Octobre,1,Suisses,46
2024,10,Octobre,1,Hollandais,29
2024,10,Octobre,1,Autrichiens,9
2024,10,Octobre,1,Luxembourgeois,2
2024,10,Octobre,1,Danois,2
2024,10,Octobre,1,Norvégiens,4
2024,10,Octobre,1,Suédois,3
2024,10,Octobre,1,Finlandais,4
2024,10,Octobre,1,Portugais,4
2024,10,Octobre,1,Turcs,6
2024,10,Octobre,1,Irlandais,43
2024,10,Octobre,1,Russes,14
2024,10,Octobre,1,Tchèques,8
2024,10,Octobre,1,Polonais,20
2024,10,Octobre,1,Bulgares,3
2024,10,Octobre,1,Ukrainiens,1
2024,10,Octobre,1,Lituaniens,6
2024,10,Octobre,1,Roumains,33
2024,10,Octobre,1,Divers Européens,48
2024,10,Octobre,1,Canadiens,25
2024,10,Octobre,1,USA,5
2024,10,Octobre,1,Brésiliens,1
2024,10,Octobre,1,Divers Américains,2
2024,10,Octobre,1,Chinois,12
2024,10,Octobre,1,Marocains,1
2024,10,Octobre,1,Algériens,42
2024,10,Octobre,1,Libyens,7
2024,10,Octobre,1,Saoudiens,4
2024,10,Octobre,1,Syriens,2
2024,10,Octobre,1,Irakiens,2
2024,10,Octobre,1,Jordaniens,2
2024,10,Octobre,1,Palestiniens,2
2024,10,Octobre,1,Emiratis,4
2024,10,Octobre,1,Résidents Tunisiens,550
2024,11,Novembre,1,Allemands,114
2024,11,Novembre,1,Francais,643
2024,11,Novembre,1,Italiens,17
2024,11,Novembre,1,Anglais,151
2024,11,Novembre,1,Espagnols,3
2024,11,Novembre,1,Belges,7
2024,11,Novembre,1,Suisses,16
2024,11,Novembre,1,Hollandais,2
2024,11,Novembre,1,Autrichiens,1
2024,11,Novembre,1,Danois,1
2024,11,Novembre,1,Norvégiens,2
2024,11,Novembre,1,Suédois,1
2024,11,Novembre,1,Grecs,2
2024,11,Novembre,1,Portugais,3
2024,11,Novembre,1,Turcs,7
2024,11,Novembre,1,Irlandais,90
2024,11,Novembre,1,Russes,12
2024,11,Novembre,1,Tchèques,1
2024,11,Novembre,1,Hongrois,4
2024,11,Novembre,1,Bulgares,2
2024,11,Novembre,1,Ukrainiens,1
2024,11,Novembre,1,Lituaniens,1
2024,11,Novembre,1,Divers Européens,117
2024,11,Novembre,1,Canadiens,4
2024,11,Novembre,1,USA,5
2024,11,Novembre,1,Australiens,2
2024,11,Novembre,1,Chinois,4
2024,11,Novembre,1,Marocains,6
2024,11,Novembre,1,Algériens,63
2024,11,Novembre,1,Libyens,13
2024,11,Novembre,1,Saoudiens,19
2024,11,Novembre,1,Syriens,1
2024,11,Novembre,1,Irakiens,27
2024,11,Novembre,1,Jordaniens,4
2024,11,Novembre,1,koweitiens,2
2024,11,Novembre,1,Divers,4
2024,11,Novembre,1,Résidents Tunisiens,749
2024,12,Decembre,1,Allemands,61
2024,12,Decembre,1,Francais,309
2024,12,Decembre,1,Italiens,74
2024,12,Decembre,1,Anglais,99
2024,12,Decembre,1,Espagnols,2
2024,12,Decembre,1,Belges,11
2024,12,Decembre,1,Suisses,17
2024,12,Decembre,1,Hollandais,4
2024,12,Decembre,1,Grecs,4
2024,12,Decembre,1,Turcs,8
2024,12,Decembre,1,Irlandais,61
2024,12,Decembre,1,Maltais,2
2024,12,Decembre,1,Russes,5
2024,12,Decembre,1,Polonais,8
2024,12,Decembre,1,Bulgares,56
2024,12,Decembre,1,Roumains,29
2024,12,Decembre,1,Divers Européens,76
2024,12,Decembre,1,USA,8
2024,12,Decembre,1,Chinois,2
2024,12,Decembre,1,Japonais,1
2024,12,Decembre,1,Marocains,8
2024,12,Decembre,1,Algériens,86
2024,12,Decembre,1,Libyens,29
2024,12,Decembre,1,Africains,3
2024,12,Decembre,1,Saoudiens,6
2024,12,Decembre,1,Syriens,1
2024,12,Decembre,1,Irakiens,2
2024,12,Decembre,1,Qataris,2
2024,12,Decembre,1,Oumanais,2
2024,12,Decembre,1,Emiratis,4
2024,12,Decembre,1,Egyptiens,1
2024,12,Decembre,1,Divers,3
2024,12,Decembre,1,Tunisiens Res . Etr,6
2024,12,Decembre,1,Résidents Tunisiens,1682
2025,1,Janvier,1,Allemands,19
2025,1,Janvier,1,Francais,222
2025,1,Janvier,1,Italiens,36
2025,1,Janvier,1,Anglais,30
2025,1,Janvier,1,Espagnols,4
2025,1,Janvier,1,Belges,3
2025,1,Janvier,1,Suisses,7
2025,1,Janvier,1,Danois,3
2025,1,Janvier,1,Grecs,2
2025,1,Janvier,1,Turcs,1
2025,1,Janvier,1,Irlandais,23
2025,1,Janvier,1,Russes,2
2025,1,Janvier,1,Polonais,6
2025,1,Janvier,1,Bulgares,2
2025,1,Janvier,1,Divers Européens,35
2025,1,Janvier,1,Canadiens,5
2025,1,Janvier,1,USA,2
2025,1,Janvier,1,Chinois,4
2025,1,Janvier,1,Marocains,5
2025,1,Janvier,1,Algériens,39
2025,1,Janvier,1,Libyens,53
2025,1,Janvier,1,Africains,1
2025,1,Janvier,1,Irakiens,9
2025,1,Janvier,1,Libanais,1
2025,1,Janvier,1,Jordaniens,4
2025,1,Janvier,1,Emiratis,2
2025,1,Janvier,1,Divers,2
2025,1,Janvier,1,Tunisiens Res . Etr,1
2025,1,Janvier,1,Résidents Tunisiens,1424
2025,2,Fevrier,1,Allemands,17
2025,2,Fevrier,1,Francais,355
2025,2,Fevrier,1,Italiens,34
2025,2,Fevrier,1,Anglais,138
2025,2,Fevrier,1,Espagnols,5
2025,2,Fevrier,1,Belges,12
2025,2,Fevrier,1,Suisses,27
2025,2,Fevrier,1,Hollandais,9
2025,2,Fevrier,1,Norvégiens,6
2025,2,Fevrier,1,Suédois,3
2025,2,Fevrier,1,Finlandais,6
2025,2,Fevrier,1,Portugais,3
2025,2,Fevrier,1,Turcs,9
2025,2,Fevrier,1,Irlandais,70
2025,2,Fevrier,1,Russes,6
2025,2,Fevrier,1,Serbes,1
2025,2,Fevrier,1,Polonais,3
2025,2,Fevrier,1,Slovaques,4
2025,2,Fevrier,1,Lituaniens,3
2025,2,Fevrier,1,Divers Européens,37
2025,2,Fevrier,1,Canadiens,1
2025,2,Fevrier,1,USA,3
2025,2,Fevrier,1,Chinois,4
2025,2,Fevrier,1,Marocains,6
2025,2,Fevrier,1,Algériens,76
2025,2,Fevrier,1,Libyens,12
2025,2,Fevrier,1,Africains,5
2025,2,Fevrier,1,Saoudiens,5
2025,2,Fevrier,1,Syriens,2
2025,2,Fevrier,1,Irakiens,12
2025,2,Fevrier,1,koweitiens,1
2025,2,Fevrier,1,Emiratis,1
2025,2,Fevrier,1,Egyptiens,1
2025,2,Fevrier,1,Divers,6
2025,2,Fevrier,1,Tunisiens Res . Etr,6
2025,2,Fevrier,1,Résidents Tunisiens,1671
2025,3,Mars,1,Allemands,23
2025,3,Mars,1,Francais,437
2025,3,Mars,1,Italiens,18
2025,3,Mars,1,Anglais,294
2025,3,Mars,1,Espagnols,2
2025,3,Mars,1,Belges,10
2025,3,Mars,1,Suisses,17
2025,3,Mars,1,Hollandais,1
2025,3,Mars,1,Autrichiens,6
2025,3,Mars,1,Luxembourgeois,1
2025,3,Mars,1,Norvégiens,1
2025,3,Mars,1,Finlandais,3
2025,3,Mars,1,Portugais,4
2025,3,Mars,1,Turcs,1
2025,3,Mars,1,Irlandais,58
2025,3,Mars,1,Russes,2
2025,3,Mars,1,Tchèques,2
2025,3,Mars,1,Polonais,19
2025,3,Mars,1,Bulgares,2
2025,3,Mars,1,Ukrainiens,1
2025,3,Mars,1,Divers Européens,71
2025,3,Mars,1,USA,2
2025,3,Mars,1,Chinois,1
2025,3,Mars,1,Marocains,3
2025,3,Mars,1,Algériens,5
2025,3,Mars,1,Libyens,5
2025,3,Mars,1,Africains,2
2025,3,Mars,1,Irakiens,27
2025,3,Mars,1,Divers,4
2025,3,Mars,1,Tunisiens Res . Etr,1
2025,3,Mars,1,Résidents Tunisiens,311
2025,3,Mars,1,Res. Etr. en Tunisie,1
2025,4,Avril,1,Allemands,78
2025,4,Avril,1,Francais,641
2025,4,Avril,1,Italiens,95
2025,4,Avril,1,Anglais,237
2025,4,Avril,1,Espagnols,15
2025,4,Avril,1,Belges,31
2025,4,Avril,1,Suisses,32
2025,4,Avril,1,Hollandais,1
2025,4,Avril,1,Luxembourgeois,1
2025,4,Avril,1,Danois,9
2025,4,Avril,1,Norvégiens,2
2025,4,Avril,1,Suédois,4
2025,4,Avril,1,Finlandais,12
2025,4,Avril,1,Grecs,2
2025,4,Avril,1,Portugais,6
2025,4,Avril,1,Turcs,11
2025,4,Avril,1,Irlandais,82
2025,4,Avril,1,Russes,13
2025,4,Avril,1,Serbes,5
2025,4,Avril,1,Polonais,4
2025,4,Avril,1,Slovaques,3
2025,4,Avril,1,Hongrois,5
2025,4,Avril,1,Bulgares,16
2025,4,Avril,1,Ukrainiens,1
2025,4,Avril,1,Lituaniens,3
2025,4,Avril,1,Roumains,57
2025,4,Avril,1,Divers Européens,87
2025,4,Avril,1,Canadiens,7
2025,4,Avril,1,USA,3
2025,4,Avril,1,Australiens,2
2025,4,Avril,1,Chinois,15
2025,4,Avril,1,Japonais,2
2025,4,Avril,1,Marocains,6
2025,4,Avril,1,Algériens,25
2025,4,Avril,1,Libyens,14
2025,4,Avril,1,Africains,1
2025,4,Avril,1,Saoudiens,3
2025,4,Avril,1,Irakiens,28
2025,4,Avril,1,Jordaniens,2
2025,4,Avril,1,koweitiens,1
2025,4,Avril,1,Egyptiens,4
2025,4,Avril,1,Divers,29
2025,4,Avril,1,Tunisiens Res . Etr,3
2025,4,Avril,1,Résidents Tunisiens,1137
2025,5,Mai,1,Allemands,67
2025,5,Mai,1,Francais,578
2025,5,Mai,1,Italiens,56
2025,5,Mai,1,Anglais,305
2025,5,Mai,1,Espagnols,7
2025,5,Mai,1,Belges,8
2025,5,Mai,1,Suisses,40
2025,5,Mai,1,Hollandais,5
2025,5,Mai,1,Autrichiens,1
2025,5,Mai,1,Norvégiens,2
2025,5,Mai,1,Portugais,5
2025,5,Mai,1,Turcs,6
2025,5,Mai,1,Irlandais,44
2025,5,Mai,1,Russes,63
2025,5,Mai,1,Tchèques,8
2025,5,Mai,1,Polonais,5
2025,5,Mai,1,Hongrois,4
2025,5,Mai,1,Bulgares,53
2025,5,Mai,1,Lituaniens,1
2025,5,Mai,1,Roumains,53
2025,5,Mai,1,Divers Européens,64
2025,5,Mai,1,Canadiens,6
2025,5,Mai,1,USA,12
2025,5,Mai,1,Brésiliens,2
2025,5,Mai,1,Chinois,5
2025,5,Mai,1,Japonais,2
2025,5,Mai,1,Marocains,9
2025,5,Mai,1,Algériens,44
2025,5,Mai,1,Libyens,14
2025,5,Mai,1,Saoudiens,14
2025,5,Mai,1,Irakiens,13
2025,5,Mai,1,Libanais,2
2025,5,Mai,1,koweitiens,2
2025,5,Mai,1,Soudanais,1
2025,5,Mai,1,Emiratis,1
2025,5,Mai,1,Divers,1
2025,5,Mai,1,Tunisiens Res . Etr,4
2025,5,Mai,1,Résidents Tunisiens,915
2025,6,Juin,1,Allemands,127
2025,6,Juin,1,Francais,322
2025,6,Juin,1,Italiens,48
2025,6,Juin,1,Anglais,323
2025,6,Juin,1,Espagnols,14
2025,6,Juin,1,Belges,15
2025,6,Juin,1,Suisses,50
2025,6,Juin,1,Hollandais,6
2025,6,Juin,1,Autrichiens,10
2025,6,Juin,1,Norvégiens,1
2025,6,Juin,1,Suédois,2
2025,6,Juin,1,Finlandais,1
2025,6,Juin,1,Portugais,15
2025,6,Juin,1,Turcs,2
2025,6,Juin,1,Irlandais,64
2025,6,Juin,1,Russes,71
2025,6,Juin,1,Serbes,3
2025,6,Juin,1,Tchèques,38
2025,6,Juin,1,Polonais,53
2025,6,Juin,1,Slovaques,15
2025,6,Juin,1,Hongrois,6
2025,6,Juin,1,Bulgares,34
2025,6,Juin,1,Roumains,106
2025,6,Juin,1,Divers Européens,39
2025,6,Juin,1,Canadiens,12
2025,6,Juin,1,USA,14
2025,6,Juin,1,Brésiliens,3
2025,6,Juin,1,Australiens,2
2025,6,Juin,1,Chinois,2
2025,6,Juin,1,Marocains,7
2025,6,Juin,1,Algériens,60
2025,6,Juin,1,Libyens,25
2025,6,Juin,1,Africains,3
2025,6,Juin,1,Saoudiens,50
2025,6,Juin,1,Irakiens,17
2025,6,Juin,1,Jordaniens,3
2025,6,Juin,1,koweitiens,1
2025,6,Juin,1,Emiratis,2
2025,6,Juin,1,Egyptiens,5
2025,6,Juin,1,Tunisiens Res . Etr,6
2025,6,Juin,1,Résidents Tunisiens,762
2025,7,Juillet,1,Allemands,115
2025,7,Juillet,1,Francais,234
2025,7,Juillet,1,Italiens,39
2025,7,Juillet,1,Anglais,268
2025,7,Juillet,1,Espagnols,4
2025,7,Juillet,1,Belges,37
2025,7,Juillet,1,Suisses,32
2025,7,Juillet,1,Hollandais,12
2025,7,Juillet,1,Danois,4
2025,7,Juillet,1,Norvégiens,1
2025,7,Juillet,1,Suédois,1
2025,7,Juillet,1,Finlandais,4
2025,7,Juillet,1,Portugais,6
2025,7,Juillet,1,Irlandais,29
2025,7,Juillet,1,Russes,32
2025,7,Juillet,1,Tchèques,64
2025,7,Juillet,1,Polonais,30
2025,7,Juillet,1,Slovaques,10
2025,7,Juillet,1,Hongrois,11
2025,7,Juillet,1,Bulgares,2
2025,7,Juillet,1,Roumains,131
2025,7,Juillet,1,Divers Européens,94
2025,7,Juillet,1,Canadiens,4
2025,7,Juillet,1,USA,6
2025,7,Juillet,1,Japonais,4
2025,7,Juillet,1,Algériens,47
2025,7,Juillet,1,Libyens,13
2025,7,Juillet,1,Africains,2
2025,7,Juillet,1,Saoudiens,5
2025,7,Juillet,1,Irakiens,3
2025,7,Juillet,1,Qataris,2
2025,7,Juillet,1,Emiratis,1
2025,7,Juillet,1,Egyptiens,1
2025,7,Juillet,1,Tunisiens Res . Etr,4
2025,7,Juillet,1,Résidents Tunisiens,1690
2025,8,Aout,1,Allemands,125
2025,8,Aout,1,Francais,319
2025,8,Aout,1,Italiens,73
2025,8,Aout,1,Anglais,278
2025,8,Aout,1,Espagnols,4
2025,8,Aout,1,Belges,30
2025,8,Aout,1,Suisses,18
2025,8,Aout,1,Hollandais,13
2025,8,Aout,1,Autrichiens,5
2025,8,Aout,1,Luxembourgeois,2
2025,8,Aout,1,Danois,3
2025,8,Aout,1,Norvégiens,4
2025,8,Aout,1,Finlandais,7
2025,8,Aout,1,Portugais,9
2025,8,Aout,1,Turcs,2
2025,8,Aout,1,Irlandais,49
2025,8,Aout,1,Russes,24
2025,8,Aout,1,Serbes,1
2025,8,Aout,1,Tchèques,35
2025,8,Aout,1,Polonais,49
2025,8,Aout,1,Slovaques,8
2025,8,Aout,1,Hongrois,10
2025,8,Aout,1,Bulgares,24
2025,8,Aout,1,Ukrainiens,1
2025,8,Aout,1,Roumains,160
2025,8,Aout,1,Divers Européens,42
2025,8,Aout,1,Canadiens,6
2025,8,Aout,1,USA,4
2025,8,Aout,1,Brésiliens,1
2025,8,Aout,1,Algériens,50
2025,8,Aout,1,Irakiens,2
2025,8,Aout,1,Jordaniens,2
2025,8,Aout,1,Tunisiens Res . Etr,4
2025,8,Aout,1,Résidents Tunisiens,1202
2025,9,Septembre,1,Allemands,128
2025,9,Septembre,1,Francais,340
2025,9,Septembre,1,Italiens,26
2025,9,Septembre,1,Anglais,287
2025,9,Septembre,1,Espagnols,6
2025,9,Septembre,1,Belges,13
2025,9,Septembre,1,Suisses,60
2025,9,Septembre,1,Hollandais,9
2025,9,Septembre,1,Autrichiens,9
2025,9,Septembre,1,Luxembourgeois,1
2025,9,Septembre,1,Norvégiens,2
2025,9,Septembre,1,Suédois,5
2025,9,Septembre,1,Finlandais,7
2025,9,Septembre,1,Portugais,3
2025,9,Septembre,1,Turcs,2
2025,9,Septembre,1,Irlandais,60
2025,9,Septembre,1,Maltais,2
2025,9,Septembre,1,Russes,58
2025,9,Septembre,1,Serbes,4
2025,9,Septembre,1,Tchèques,16
2025,9,Septembre,1,Polonais,30
2025,9,Septembre,1,Slovaques,2
2025,9,Septembre,1,Hongrois,9
2025,9,Septembre,1,Bulgares,178
2025,9,Septembre,1,Ukrainiens,1
2025,9,Septembre,1,Croates,4
2025,9,Septembre,1,Lituaniens,2
2025,9,Septembre,1,Roumains,127
2025,9,Septembre,1,Divers Européens,41
2025,9,Septembre,1,Canadiens,4
2025,9,Septembre,1,USA,7
2025,9,Septembre,1,Marocains,13
2025,9,Septembre,1,Algériens,47
2025,9,Septembre,1,Libyens,4
2025,9,Septembre,1,Africains,1
2025,9,Septembre,1,Saoudiens,5
2025,9,Septembre,1,Irakiens,5
2025,9,Septembre,1,koweitiens,2
2025,9,Septembre,1,Qataris,1
2025,9,Septembre,1,Emiratis,2
2025,9,Septembre,1,Divers,8
2025,9,Septembre,1,Tunisiens Res . Etr,5
2025,9,Septembre,1,Résidents Tunisiens,547
2025,10,Octobre,1,Allemands,141
2025,10,Octobre,1,Francais,862
2025,10,Octobre,1,Italiens,53
2025,10,Octobre,1,Anglais,294
2025,10,Octobre,1,Espagnols,11
2025,10,Octobre,1,Belges,39
2025,10,Octobre,1,Suisses,47
2025,10,Octobre,1,Hollandais,5
2025,10,Octobre,1,Autrichiens,6
2025,10,Octobre,1,Luxembourgeois,2
2025,10,Octobre,1,Danois,6
2025,10,Octobre,1,Norvégiens,10
2025,10,Octobre,1,Suédois,13
2025,10,Octobre,1,Finlandais,9
2025,10,Octobre,1,Grecs,7
2025,10,Octobre,1,Portugais,9
2025,10,Octobre,1,Turcs,3
2025,10,Octobre,1,Irlandais,49
2025,10,Octobre,1,Maltais,3
2025,10,Octobre,1,Russes,44
2025,10,Octobre,1,Tchèques,4
2025,10,Octobre,1,Polonais,1
2025,10,Octobre,1,Bulgares,32
2025,10,Octobre,1,Ukrainiens,5
2025,10,Octobre,1,Croates,2
2025,10,Octobre,1,Lituaniens,3
2025,10,Octobre,1,Roumains,54
2025,10,Octobre,1,Divers Européens,32
2025,10,Octobre,1,Canadiens,21
2025,10,Octobre,1,USA,10
2025,10,Octobre,1,Brésiliens,1
2025,10,Octobre,1,Australiens,2
2025,10,Octobre,1,Chinois,26
2025,10,Octobre,1,Japonais,4
2025,10,Octobre,1,Marocains,8
2025,10,Octobre,1,Algériens,37
2025,10,Octobre,1,Libyens,9
2025,10,Octobre,1,Africains,1
2025,10,Octobre,1,Saoudiens,11
2025,10,Octobre,1,Irakiens,26
2025,10,Octobre,1,Jordaniens,3
2025,10,Octobre,1,Yémenites,1
2025,10,Octobre,1,Oumanais,2
2025,10,Octobre,1,Egyptiens,1
2025,10,Octobre,1,Divers,5
2025,10,Octobre,1,Tunisiens Res . Etr,2
2025,10,Octobre,1,Résidents Tunisiens,484
2025,11,Novembre,1,Allemands,53
2025,11,Novembre,1,Francais,654
2025,11,Novembre,1,Italiens,29
2025,11,Novembre,1,Anglais,333
2025,11,Novembre,1,Espagnols,1
2025,11,Novembre,1,Belges,17
2025,11,Novembre,1,Suisses,30
2025,11,Novembre,1,Danois,4
2025,11,Novembre,1,Finlandais,2
2025,11,Novembre,1,Grecs,6
2025,11,Novembre,1,Portugais,9
2025,11,Novembre,1,Turcs,1
2025,11,Novembre,1,Irlandais,54
2025,11,Novembre,1,Russes,6
2025,11,Novembre,1,Tchèques,1
2025,11,Novembre,1,Polonais,7
2025,11,Novembre,1,Bulgares,2
2025,11,Novembre,1,Ukrainiens,1
2025,11,Novembre,1,Roumains,4
2025,11,Novembre,1,Divers Européens,42
2025,11,Novembre,1,Canadiens,5
2025,11,Novembre,1,USA,5
2025,11,Novembre,1,Chinois,18
2025,11,Novembre,1,Japonais,3
2025,11,Novembre,1,Marocains,8
2025,11,Novembre,1,Algériens,36
2025,11,Novembre,1,Libyens,14
2025,11,Novembre,1,Saoudiens,4
2025,11,Novembre,1,Irakiens,13
2025,11,Novembre,1,Jordaniens,3
2025,11,Novembre,1,Egyptiens,1
2025,11,Novembre,1,Divers,8
2025,11,Novembre,1,Tunisiens Res . Etr,6
2025,11,Novembre,1,Résidents Tunisiens,474
2025,12,Decembre,1,Allemands,40
2025,12,Decembre,1,Francais,394
2025,12,Decembre,1,Italiens,31
2025,12,Decembre,1,Anglais,186
2025,12,Decembre,1,Espagnols,4
2025,12,Decembre,1,Belges,17
2025,12,Decembre,1,Suisses,14
2025,12,Decembre,1,Hollandais,4
2025,12,Decembre,1,Autrichiens,1
2025,12,Decembre,1,Danois,1
2025,12,Decembre,1,Suédois,8
2025,12,Decembre,1,Finlandais,4
2025,12,Decembre,1,Portugais,1
2025,12,Decembre,1,Turcs,1
2025,12,Decembre,1,Irlandais,23
2025,12,Decembre,1,Tchèques,1
2025,12,Decembre,1,Polonais,4
2025,12,Decembre,1,Bulgares,83
2025,12,Decembre,1,Roumains,1
2025,12,Decembre,1,Divers Européens,54
2025,12,Decembre,1,Canadiens,2
2025,12,Decembre,1,USA,7
2025,12,Decembre,1,Chinois,13
2025,12,Decembre,1,Japonais,7
2025,12,Decembre,1,Marocains,7
2025,12,Decembre,1,Algériens,68
2025,12,Decembre,1,Libyens,16
2025,12,Decembre,1,Africains,1
2025,12,Decembre,1,Saoudiens,9
2025,12,Decembre,1,Irakiens,2
2025,12,Decembre,1,Libanais,2
2025,12,Decembre,1,Jordaniens,5
2025,12,Decembre,1,Palestiniens,2
2025,12,Decembre,1,Bahreïnis,2
2025,12,Decembre,1,Emiratis,2
2025,12,Decembre,1,Egyptiens,3
2025,12,Decembre,1,Divers,31
2025,12,Decembre,1,Tunisiens Res . Etr,6
2025,12,Decembre,1,Résidents Tunisiens,1187
2023,1,Janvier,2,Allemands,36
2023,1,Janvier,2,Francais,118
2023,1,Janvier,2,Italiens,176
2023,1,Janvier,2,Anglais,51
2023,1,Janvier,2,Espagnols,16
2023,1,Janvier,2,Belges,10
2023,1,Janvier,2,Suisses,15
2023,1,Janvier,2,Hollandais,2
2023,1,Janvier,2,Autrichiens,6
2023,1,Janvier,2,Danois,1
2023,1,Janvier,2,Norvégiens,1
2023,1,Janvier,2,Suédois,1
2023,1,Janvier,2,Finlandais,2
2023,1,Janvier,2,Grecs,1
2023,1,Janvier,2,Portugais,2
2023,1,Janvier,2,Turcs,14
2023,1,Janvier,2,Russes,34
2023,1,Janvier,2,Tchèques,1
2023,1,Janvier,2,Polonais,8
2023,1,Janvier,2,Bulgares,7
2023,1,Janvier,2,Croates,2
2023,1,Janvier,2,Divers Européens,2
2023,1,Janvier,2,Canadiens,10
2023,1,Janvier,2,Brésiliens,1
2023,1,Janvier,2,Divers Américains,1
2023,1,Janvier,2,Chinois,1
2023,1,Janvier,2,Marocains,4
2023,1,Janvier,2,Algériens,192
2023,1,Janvier,2,Libyens,43
2023,1,Janvier,2,Africains,4
2023,1,Janvier,2,Saoudiens,5
2023,1,Janvier,2,Irakiens,1
2023,1,Janvier,2,Libanais,1
2023,1,Janvier,2,Palestiniens,2
2023,1,Janvier,2,Divers,7
2023,1,Janvier,2,Tunisiens Res . Etr,92
2023,1,Janvier,2,USA,6
2023,1,Janvier,2,Résidents Tunisiens,1808
2023,2,Fevrier,2,Allemands,50
2023,2,Fevrier,2,Francais,361
2023,2,Fevrier,2,Italiens,74
2023,2,Fevrier,2,Anglais,98
2023,2,Fevrier,2,Espagnols,2
2023,2,Fevrier,2,Belges,3
2023,2,Fevrier,2,Suisses,19
2023,2,Fevrier,2,Hollandais,2
2023,2,Fevrier,2,Norvégiens,5
2023,2,Fevrier,2,Suédois,6
2023,2,Fevrier,2,Portugais,3
2023,2,Fevrier,2,Maltais,2
2023,2,Fevrier,2,Russes,10
2023,2,Fevrier,2,Slovaques,1
2023,2,Fevrier,2,Ukrainiens,3
2023,2,Fevrier,2,Croates,2
2023,2,Fevrier,2,Lituaniens,1
2023,2,Fevrier,2,Canadiens,8
2023,2,Fevrier,2,Japonais,1
2023,2,Fevrier,2,Marocains,4
2023,2,Fevrier,2,Algériens,195
2023,2,Fevrier,2,Libyens,15
2023,2,Fevrier,2,Mauritaniens,1
2023,2,Fevrier,2,Africains,8
2023,2,Fevrier,2,Saoudiens,4
2023,2,Fevrier,2,Palestiniens,1
2023,2,Fevrier,2,Oumanais,2
2023,2,Fevrier,2,Tunisiens Res . Etr,26
2023,2,Fevrier,2,USA,13
2023,2,Fevrier,2,Résidents Tunisiens,2148
2023,3,Mars,2,Allemands,70
2023,3,Mars,2,Francais,305
2023,3,Mars,2,Italiens,76
2023,3,Mars,2,Anglais,167
2023,3,Mars,2,Espagnols,6
2023,3,Mars,2,Belges,6
2023,3,Mars,2,Suisses,15
2023,3,Mars,2,Hollandais,3
2023,3,Mars,2,Luxembourgeois,2
2023,3,Mars,2,Norvégiens,38
2023,3,Mars,2,Suédois,15
2023,3,Mars,2,Portugais,6
2023,3,Mars,2,Turcs,3
2023,3,Mars,2,Maltais,3
2023,3,Mars,2,Russes,8
2023,3,Mars,2,Serbes,22
2023,3,Mars,2,Polonais,13
2023,3,Mars,2,Ukrainiens,1
2023,3,Mars,2,Lituaniens,2
2023,3,Mars,2,Roumains,3
2023,3,Mars,2,Canadiens,24
2023,3,Mars,2,Amériquains,1
2023,3,Mars,2,Brésiliens,3
2023,3,Mars,2,Chinois,2
2023,3,Mars,2,Marocains,4
2023,3,Mars,2,Algériens,82
2023,3,Mars,2,Libyens,19
2023,3,Mars,2,Mauritaniens,2
2023,3,Mars,2,Africains,3
2023,3,Mars,2,Saoudiens,2
2023,3,Mars,2,Irakiens,3
2023,3,Mars,2,Qataris,1
2023,3,Mars,2,Tunisiens Res . Etr,4
2023,3,Mars,2,USA,5
2023,3,Mars,2,Résidents Tunisiens,1941
2023,4,Avril,2,Allemands,177
2023,4,Avril,2,Francais,829
2023,4,Avril,2,Italiens,155
2023,4,Avril,2,Anglais,146
2023,4,Avril,2,Espagnols,15
2023,4,Avril,2,Belges,32
2023,4,Avril,2,Suisses,39
2023,4,Avril,2,Hollandais,6
2023,4,Avril,2,Luxembourgeois,1
2023,4,Avril,2,Suédois,7
2023,4,Avril,2,Grecs,5
2023,4,Avril,2,Portugais,6
2023,4,Avril,2,Turcs,4
2023,4,Avril,2,Irlandais,1
2023,4,Avril,2,Russes,73
2023,4,Avril,2,Serbes,2
2023,4,Avril,2,Tchèques,18
2023,4,Avril,2,Polonais,18
2023,4,Avril,2,Bulgares,8
2023,4,Avril,2,Ukrainiens,6
2023,4,Avril,2,Croates,4
2023,4,Avril,2,Roumains,6
2023,4,Avril,2,Divers Européens,13
2023,4,Avril,2,Canadiens,9
2023,4,Avril,2,Divers Américains,24
2023,4,Avril,2,Australiens,5
2023,4,Avril,2,Chinois,2
2023,4,Avril,2,Japonais,20
2023,4,Avril,2,Marocains,1
2023,4,Avril,2,Algériens,27
2023,4,Avril,2,Libyens,9
2023,4,Avril,2,Saoudiens,2
2023,4,Avril,2,Libanais,1
2023,4,Avril,2,Jordaniens,2
2023,4,Avril,2,Palestiniens,3
2023,4,Avril,2,Tunisiens Res . Etr,18
2023,4,Avril,2,USA,12
2023,4,Avril,2,IRANEENS,1
2023,4,Avril,2,Résidents Tunisiens,1369
2023,5,Mai,2,Allemands,212
2023,5,Mai,2,Francais,1122
2023,5,Mai,2,Italiens,120
2023,5,Mai,2,Anglais,230
2023,5,Mai,2,Espagnols,20
2023,5,Mai,2,Belges,13
2023,5,Mai,2,Suisses,40
2023,5,Mai,2,Hollandais,6
2023,5,Mai,2,Autrichiens,2
2023,5,Mai,2,Norvégiens,2
2023,5,Mai,2,Suédois,7
2023,5,Mai,2,Finlandais,4
2023,5,Mai,2,Grecs,8
2023,5,Mai,2,Portugais,7
2023,5,Mai,2,Turcs,15
2023,5,Mai,2,Maltais,13
2023,5,Mai,2,Russes,154
2023,5,Mai,2,Serbes,20
2023,5,Mai,2,Tchèques,16
2023,5,Mai,2,Polonais,33
2023,5,Mai,2,Bulgares,96
2023,5,Mai,2,Ukrainiens,1
2023,5,Mai,2,Croates,4
2023,5,Mai,2,Lituaniens,3
2023,5,Mai,2,Roumains,111
2023,5,Mai,2,Divers Européens,40
2023,5,Mai,2,Canadiens,17
2023,5,Mai,2,Amériquains,2
2023,5,Mai,2,Brésiliens,1
2023,5,Mai,2,Australiens,2
2023,5,Mai,2,Chinois,2
2023,5,Mai,2,Japonais,8
2023,5,Mai,2,Marocains,19
2023,5,Mai,2,Algériens,137
2023,5,Mai,2,Libyens,50
2023,5,Mai,2,Africains,5
2023,5,Mai,2,Saoudiens,9
2023,5,Mai,2,Oumanais,2
2023,5,Mai,2,Emiratis,2
2023,5,Mai,2,Egyptiens,4
2023,5,Mai,2,Divers,18
2023,5,Mai,2,Tunisiens Res . Etr,29
2023,5,Mai,2,USA,7
2023,5,Mai,2,Résidents Tunisiens,1732
2023,6,Juin,2,Allemands,234
2023,6,Juin,2,Francais,842
2023,6,Juin,2,Italiens,45
2023,6,Juin,2,Anglais,277
2023,6,Juin,2,Espagnols,10
2023,6,Juin,2,Belges,7
2023,6,Juin,2,Suisses,34
2023,6,Juin,2,Hollandais,4
2023,6,Juin,2,Suédois,3
2023,6,Juin,2,Grecs,1
2023,6,Juin,2,Portugais,6
2023,6,Juin,2,Turcs,10
2023,6,Juin,2,Maltais,1
2023,6,Juin,2,Russes,133
2023,6,Juin,2,Serbes,60
2023,6,Juin,2,Tchèques,113
2023,6,Juin,2,Polonais,161
2023,6,Juin,2,Slovaques,15
2023,6,Juin,2,Hongrois,6
2023,6,Juin,2,Bulgares,189
2023,6,Juin,2,Slovènes,2
2023,6,Juin,2,Ukrainiens,29
2023,6,Juin,2,Croates,2
2023,6,Juin,2,Lituaniens,11
2023,6,Juin,2,Roumains,145
2023,6,Juin,2,Divers Européens,47
2023,6,Juin,2,Canadiens,28
2023,6,Juin,2,Amériquains,4
2023,6,Juin,2,Divers Américains,10
2023,6,Juin,2,Australiens,3
2023,6,Juin,2,Marocains,9
2023,6,Juin,2,Algériens,55
2023,6,Juin,2,Libyens,6
2023,6,Juin,2,Libanais,3
2023,6,Juin,2,Jordaniens,2
2023,6,Juin,2,Palestiniens,1
2023,6,Juin,2,koweitiens,1
2023,6,Juin,2,Qataris,1
2023,6,Juin,2,Divers,63
2023,6,Juin,2,Tunisiens Res . Etr,24
2023,6,Juin,2,USA,12
2023,6,Juin,2,CHILIENS,2
2023,6,Juin,2,IRANEENS,2
2023,6,Juin,2,Résidents Tunisiens,958
2023,6,Juin,2,Res. Etr. en Tunisie,5
2023,7,Juillet,2,Allemands,246
2023,7,Juillet,2,Francais,844
2023,7,Juillet,2,Italiens,41
2023,7,Juillet,2,Anglais,149
2023,7,Juillet,2,Espagnols,3
2023,7,Juillet,2,Belges,28
2023,7,Juillet,2,Suisses,22
2023,7,Juillet,2,Hollandais,5
2023,7,Juillet,2,Autrichiens,6
2023,7,Juillet,2,Danois,5
2023,7,Juillet,2,Finlandais,4
2023,7,Juillet,2,Grecs,1
2023,7,Juillet,2,Portugais,5
2023,7,Juillet,2,Turcs,2
2023,7,Juillet,2,Russes,147
2023,7,Juillet,2,Serbes,122
2023,7,Juillet,2,Tchèques,118
2023,7,Juillet,2,Polonais,122
2023,7,Juillet,2,Slovaques,23
2023,7,Juillet,2,Hongrois,12
2023,7,Juillet,2,Bulgares,100
2023,7,Juillet,2,Slovènes,4
2023,7,Juillet,2,Ukrainiens,16
2023,7,Juillet,2,Croates,7
2023,7,Juillet,2,Lituaniens,7
2023,7,Juillet,2,Roumains,74
2023,7,Juillet,2,Divers Européens,94
2023,7,Juillet,2,Canadiens,4
2023,7,Juillet,2,Amériquains,4
2023,7,Juillet,2,Brésiliens,2
2023,7,Juillet,2,Japonais,3
2023,7,Juillet,2,Marocains,9
2023,7,Juillet,2,Algériens,104
2023,7,Juillet,2,Libyens,4
2023,7,Juillet,2,Mauritaniens,1
2023,7,Juillet,2,Africains,1
2023,7,Juillet,2,Saoudiens,2
2023,7,Juillet,2,Syriens,1
2023,7,Juillet,2,Libanais,2
2023,7,Juillet,2,Jordaniens,2
2023,7,Juillet,2,Qataris,3
2023,7,Juillet,2,Egyptiens,1
2023,7,Juillet,2,Divers,72
2023,7,Juillet,2,Tunisiens Res . Etr,59
2023,7,Juillet,2,USA,2
2023,7,Juillet,2,Résidents Tunisiens,2109
2023,8,Aout,2,Allemands,359
2023,8,Aout,2,Francais,773
2023,8,Aout,2,Italiens,179
2023,8,Aout,2,Anglais,169
2023,8,Aout,2,Espagnols,7
2023,8,Aout,2,Suisses,16
2023,8,Aout,2,Autrichiens,3
2023,8,Aout,2,Danois,4
2023,8,Aout,2,Portugais,5
2023,8,Aout,2,Turcs,1
2023,8,Aout,2,Russes,64
2023,8,Aout,2,Serbes,58
2023,8,Aout,2,Tchèques,30
2023,8,Aout,2,Polonais,171
2023,8,Aout,2,Slovaques,12
2023,8,Aout,2,Hongrois,6
2023,8,Aout,2,Bulgares,111
2023,8,Aout,2,Slovènes,1
2023,8,Aout,2,Ukrainiens,10
2023,8,Aout,2,Croates,4
2023,8,Aout,2,Lituaniens,8
2023,8,Aout,2,Roumains,25
2023,8,Aout,2,Divers Européens,203
2023,8,Aout,2,Canadiens,13
2023,8,Aout,2,Amériquains,4
2023,8,Aout,2,Brésiliens,3
2023,8,Aout,2,Divers Américains,2
2023,8,Aout,2,Chinois,1
2023,8,Aout,2,Algériens,131
2023,8,Aout,2,Libyens,17
2023,8,Aout,2,Saoudiens,4
2023,8,Aout,2,Jordaniens,2
2023,8,Aout,2,Qataris,1
2023,8,Aout,2,Emiratis,2
2023,8,Aout,2,Divers,37
2023,8,Aout,2,Tunisiens Res . Etr,33
2023,8,Aout,2,USA,3
2023,8,Aout,2,Résidents Tunisiens,2081
2023,9,Septembre,2,Allemands,364
2023,9,Septembre,2,Francais,555
2023,9,Septembre,2,Italiens,50
2023,9,Septembre,2,Anglais,278
2023,9,Septembre,2,Espagnols,34
2023,9,Septembre,2,Belges,15
2023,9,Septembre,2,Suisses,38
2023,9,Septembre,2,Hollandais,3
2023,9,Septembre,2,Autrichiens,3
2023,9,Septembre,2,Suédois,2
2023,9,Septembre,2,Portugais,13
2023,9,Septembre,2,Turcs,5
2023,9,Septembre,2,Maltais,1
2023,9,Septembre,2,Russes,85
2023,9,Septembre,2,Serbes,100
2023,9,Septembre,2,Tchèques,87
2023,9,Septembre,2,Polonais,317
2023,9,Septembre,2,Slovaques,7
2023,9,Septembre,2,Hongrois,12
2023,9,Septembre,2,Bulgares,295
2023,9,Septembre,2,Slovènes,5
2023,9,Septembre,2,Ukrainiens,9
2023,9,Septembre,2,Croates,4
2023,9,Septembre,2,Lituaniens,18
2023,9,Septembre,2,Roumains,198
2023,9,Septembre,2,Divers Européens,66
2023,9,Septembre,2,Canadiens,65
2023,9,Septembre,2,Australiens,4
2023,9,Septembre,2,Chinois,2
2023,9,Septembre,2,Japonais,2
2023,9,Septembre,2,Marocains,4
2023,9,Septembre,2,Algériens,58
2023,9,Septembre,2,Africains,3
2023,9,Septembre,2,Saoudiens,2
2023,9,Septembre,2,Divers,42
2023,9,Septembre,2,Tunisiens Res . Etr,7
2023,9,Septembre,2,Résidents Tunisiens,948
2023,10,Octobre,2,Allemands,214
2023,10,Octobre,2,Francais,1561
2023,10,Octobre,2,Italiens,102
2023,10,Octobre,2,Anglais,313
2023,10,Octobre,2,Espagnols,16
2023,10,Octobre,2,Belges,6
2023,10,Octobre,2,Suisses,65
2023,10,Octobre,2,Hollandais,16
2023,10,Octobre,2,Autrichiens,39
2023,10,Octobre,2,Luxembourgeois,1
2023,10,Octobre,2,Danois,2
2023,10,Octobre,2,Norvégiens,1
2023,10,Octobre,2,Suédois,4
2023,10,Octobre,2,Portugais,9
2023,10,Octobre,2,Turcs,5
2023,10,Octobre,2,Irlandais,1
2023,10,Octobre,2,Russes,80
2023,10,Octobre,2,Serbes,13
2023,10,Octobre,2,Tchèques,31
2023,10,Octobre,2,Polonais,187
2023,10,Octobre,2,Hongrois,2
2023,10,Octobre,2,Bulgares,173
2023,10,Octobre,2,Slovènes,1
2023,10,Octobre,2,Ukrainiens,6
2023,10,Octobre,2,Lituaniens,4
2023,10,Octobre,2,Roumains,36
2023,10,Octobre,2,Divers Européens,82
2023,10,Octobre,2,Canadiens,31
2023,10,Octobre,2,Brésiliens,4
2023,10,Octobre,2,Australiens,2
2023,10,Octobre,2,Japonais,3
2023,10,Octobre,2,Marocains,5
2023,10,Octobre,2,Algériens,156
2023,10,Octobre,2,Libyens,8
2023,10,Octobre,2,Africains,1
2023,10,Octobre,2,Saoudiens,2
2023,10,Octobre,2,Jordaniens,1
2023,10,Octobre,2,Soudanais,1
2023,10,Octobre,2,Egyptiens,1
2023,10,Octobre,2,Divers,28
2023,10,Octobre,2,Tunisiens Res . Etr,3
2023,10,Octobre,2,USA,6
2023,10,Octobre,2,CHILIENS,1
2023,10,Octobre,2,Résidents Tunisiens,1359
2023,11,Novembre,2,Allemands,121
2023,11,Novembre,2,Francais,424
2023,11,Novembre,2,Italiens,66
2023,11,Novembre,2,Anglais,227
2023,11,Novembre,2,Espagnols,2
2023,11,Novembre,2,Belges,15
2023,11,Novembre,2,Suisses,43
2023,11,Novembre,2,Hollandais,6
2023,11,Novembre,2,Autrichiens,2
2023,11,Novembre,2,Norvégiens,30
2023,11,Novembre,2,Suédois,8
2023,11,Novembre,2,Finlandais,1
2023,11,Novembre,2,Portugais,34
2023,11,Novembre,2,Turcs,10
2023,11,Novembre,2,Irlandais,2
2023,11,Novembre,2,Russes,22
2023,11,Novembre,2,Serbes,1
2023,11,Novembre,2,Tchèques,3
2023,11,Novembre,2,Polonais,18
2023,11,Novembre,2,Hongrois,4
2023,11,Novembre,2,Bulgares,3
2023,11,Novembre,2,Ukrainiens,3
2023,11,Novembre,2,Lituaniens,9
2023,11,Novembre,2,Roumains,5
2023,11,Novembre,2,Divers Européens,22
2023,11,Novembre,2,Canadiens,4
2023,11,Novembre,2,Amériquains,1
2023,11,Novembre,2,Brésiliens,6
2023,11,Novembre,2,Chinois,3
2023,11,Novembre,2,Marocains,9
2023,11,Novembre,2,Algériens,142
2023,11,Novembre,2,Libyens,23
2023,11,Novembre,2,Mauritaniens,1
2023,11,Novembre,2,Saoudiens,8
2023,11,Novembre,2,Libanais,1
2023,11,Novembre,2,Jordaniens,5
2023,11,Novembre,2,koweitiens,1
2023,11,Novembre,2,Yémenites,1
2023,11,Novembre,2,Egyptiens,1
2023,11,Novembre,2,Divers,8
2023,11,Novembre,2,Tunisiens Res . Etr,12
2023,11,Novembre,2,USA,23
2023,11,Novembre,2,Résidents Tunisiens,1831
2023,11,Novembre,2,Res. Etr. en Tunisie,2
2023,12,Decembre,2,Allemands,74
2023,12,Decembre,2,Francais,244
2023,12,Decembre,2,Italiens,105
2023,12,Decembre,2,Anglais,246
2023,12,Decembre,2,Espagnols,5
2023,12,Decembre,2,Belges,4
2023,12,Decembre,2,Suisses,16
2023,12,Decembre,2,Hollandais,2
2023,12,Decembre,2,Autrichiens,1
2023,12,Decembre,2,Danois,1
2023,12,Decembre,2,Norvégiens,6
2023,12,Decembre,2,Grecs,2
2023,12,Decembre,2,Portugais,11
2023,12,Decembre,2,Turcs,12
2023,12,Decembre,2,Irlandais,5
2023,12,Decembre,2,Russes,16
2023,12,Decembre,2,Polonais,11
2023,12,Decembre,2,Slovaques,2
2023,12,Decembre,2,Bulgares,122
2023,12,Decembre,2,Croates,3
2023,12,Decembre,2,Roumains,58
2023,12,Decembre,2,Divers Européens,11
2023,12,Decembre,2,Canadiens,7
2023,12,Decembre,2,Chinois,2
2023,12,Decembre,2,Marocains,4
2023,12,Decembre,2,Algériens,214
2023,12,Decembre,2,Libyens,52
2023,12,Decembre,2,Mauritaniens,1
2023,12,Decembre,2,Africains,11
2023,12,Decembre,2,Syriens,3
2023,12,Decembre,2,Jordaniens,6
2023,12,Decembre,2,Emiratis,1
2023,12,Decembre,2,Divers,13
2023,12,Decembre,2,Tunisiens Res . Etr,5
2023,12,Decembre,2,USA,7
2023,12,Decembre,2,Résidents Tunisiens,3941
2023,12,Decembre,2,Res. Etr. en Tunisie,4
2024,1,Janvier,2,Allemands,83
2024,1,Janvier,2,Francais,204
2024,1,Janvier,2,Italiens,130
2024,1,Janvier,2,Anglais,166
2024,1,Janvier,2,Espagnols,1
2024,1,Janvier,2,Belges,5
2024,1,Janvier,2,Suisses,13
2024,1,Janvier,2,Hollandais,2
2024,1,Janvier,2,Autrichiens,2
2024,1,Janvier,2,Norvégiens,5
2024,1,Janvier,2,Portugais,5
2024,1,Janvier,2,Turcs,2
2024,1,Janvier,2,Russes,19
2024,1,Janvier,2,Serbes,1
2024,1,Janvier,2,Tchèques,3
2024,1,Janvier,2,Polonais,7
2024,1,Janvier,2,Slovaques,1
2024,1,Janvier,2,Hongrois,4
2024,1,Janvier,2,Bulgares,1
2024,1,Janvier,2,Slovènes,1
2024,1,Janvier,2,Ukrainiens,1
2024,1,Janvier,2,Lituaniens,2
2024,1,Janvier,2,Roumains,1
2024,1,Janvier,2,Divers Européens,9
2024,1,Janvier,2,Canadiens,32
2024,1,Janvier,2,Australiens,1
2024,1,Janvier,2,Chinois,3
2024,1,Janvier,2,Japonais,3
2024,1,Janvier,2,Marocains,3
2024,1,Janvier,2,Algériens,239
2024,1,Janvier,2,Libyens,44
2024,1,Janvier,2,Africains,7
2024,1,Janvier,2,Saoudiens,2
2024,1,Janvier,2,Irakiens,2
2024,1,Janvier,2,Libanais,2
2024,1,Janvier,2,Soudanais,8
2024,1,Janvier,2,Oumanais,2
2024,1,Janvier,2,Divers,5
2024,1,Janvier,2,Tunisiens Res . Etr,3
2024,1,Janvier,2,USA,10
2024,1,Janvier,2,Résidents Tunisiens,2441
2024,2,Fevrier,2,Allemands,68
2024,2,Fevrier,2,Francais,507
2024,2,Fevrier,2,Italiens,100
2024,2,Fevrier,2,Anglais,265
2024,2,Fevrier,2,Espagnols,3
2024,2,Fevrier,2,Belges,10
2024,2,Fevrier,2,Suisses,27
2024,2,Fevrier,2,Hollandais,8
2024,2,Fevrier,2,Danois,2
2024,2,Fevrier,2,Norvégiens,2
2024,2,Fevrier,2,Portugais,13
2024,2,Fevrier,2,Turcs,2
2024,2,Fevrier,2,Irlandais,2
2024,2,Fevrier,2,Russes,13
2024,2,Fevrier,2,Polonais,19
2024,2,Fevrier,2,Hongrois,5
2024,2,Fevrier,2,Croates,3
2024,2,Fevrier,2,Lituaniens,2
2024,2,Fevrier,2,Roumains,22
2024,2,Fevrier,2,Divers Européens,3
2024,2,Fevrier,2,Canadiens,11
2024,2,Fevrier,2,Amériquains,3
2024,2,Fevrier,2,Brésiliens,2
2024,2,Fevrier,2,Australiens,4
2024,2,Fevrier,2,Chinois,11
2024,2,Fevrier,2,Japonais,3
2024,2,Fevrier,2,Marocains,20
2024,2,Fevrier,2,Algériens,232
2024,2,Fevrier,2,Libyens,20
2024,2,Fevrier,2,Africains,12
2024,2,Fevrier,2,Saoudiens,10
2024,2,Fevrier,2,Jordaniens,4
2024,2,Fevrier,2,Bahreïnis,2
2024,2,Fevrier,2,Egyptiens,3
2024,2,Fevrier,2,Tunisiens Res . Etr,7
2024,2,Fevrier,2,USA,4
2024,2,Fevrier,2,IRANEENS,1
2024,2,Fevrier,2,Résidents Tunisiens,2243
2024,3,Mars,2,Allemands,99
2024,3,Mars,2,Francais,454
2024,3,Mars,2,Italiens,128
2024,3,Mars,2,Anglais,353
2024,3,Mars,2,Espagnols,14
2024,3,Mars,2,Belges,18
2024,3,Mars,2,Suisses,21
2024,3,Mars,2,Hollandais,9
2024,3,Mars,2,Autrichiens,1
2024,3,Mars,2,Danois,3
2024,3,Mars,2,Norvégiens,3
2024,3,Mars,2,Suédois,1
2024,3,Mars,2,Grecs,2
2024,3,Mars,2,Portugais,10
2024,3,Mars,2,Turcs,5
2024,3,Mars,2,Irlandais,1
2024,3,Mars,2,Russes,24
2024,3,Mars,2,Polonais,34
2024,3,Mars,2,Slovènes,2
2024,3,Mars,2,Ukrainiens,7
2024,3,Mars,2,Lituaniens,3
2024,3,Mars,2,Roumains,14
2024,3,Mars,2,Divers Européens,21
2024,3,Mars,2,Canadiens,53
2024,3,Mars,2,Amériquains,2
2024,3,Mars,2,Divers Américains,1
2024,3,Mars,2,Australiens,3
2024,3,Mars,2,Chinois,6
2024,3,Mars,2,Marocains,7
2024,3,Mars,2,Algériens,30
2024,3,Mars,2,Libyens,3
2024,3,Mars,2,Africains,1
2024,3,Mars,2,Saoudiens,5
2024,3,Mars,2,Syriens,1
2024,3,Mars,2,Irakiens,1
2024,3,Mars,2,Libanais,8
2024,3,Mars,2,Emiratis,2
2024,3,Mars,2,Divers,12
2024,3,Mars,2,Tunisiens Res . Etr,5
2024,3,Mars,2,USA,11
2024,3,Mars,2,PAKISTANES,10
2024,3,Mars,2,IRANEENS,2
2024,3,Mars,2,Résidents Tunisiens,873
2024,4,Avril,2,Allemands,184
2024,4,Avril,2,Francais,1675
2024,4,Avril,2,Italiens,189
2024,4,Avril,2,Anglais,510
2024,4,Avril,2,Espagnols,12
2024,4,Avril,2,Belges,29
2024,4,Avril,2,Suisses,19
2024,4,Avril,2,Hollandais,14
2024,4,Avril,2,Autrichiens,6
2024,4,Avril,2,Danois,2
2024,4,Avril,2,Norvégiens,3
2024,4,Avril,2,Finlandais,2
2024,4,Avril,2,Portugais,14
2024,4,Avril,2,Turcs,8
2024,4,Avril,2,Russes,48
2024,4,Avril,2,Serbes,6
2024,4,Avril,2,Tchèques,10
2024,4,Avril,2,Polonais,34
2024,4,Avril,2,Slovaques,3
2024,4,Avril,2,Hongrois,4
2024,4,Avril,2,Bulgares,3
2024,4,Avril,2,Slovènes,3
2024,4,Avril,2,Croates,1
2024,4,Avril,2,Lituaniens,3
2024,4,Avril,2,Roumains,8
2024,4,Avril,2,Divers Européens,97
2024,4,Avril,2,Canadiens,7
2024,4,Avril,2,Amériquains,4
2024,4,Avril,2,Divers Américains,7
2024,4,Avril,2,Japonais,2
2024,4,Avril,2,Marocains,18
2024,4,Avril,2,Algériens,39
2024,4,Avril,2,Libyens,9
2024,4,Avril,2,Jordaniens,2
2024,4,Avril,2,koweitiens,1
2024,4,Avril,2,Egyptiens,4
2024,4,Avril,2,Divers,3
2024,4,Avril,2,Tunisiens Res . Etr,11
2024,4,Avril,2,USA,5
2024,4,Avril,2,Résidents Tunisiens,1310
2024,5,Mai,2,Allemands,187
2024,5,Mai,2,Francais,1393
2024,5,Mai,2,Italiens,137
2024,5,Mai,2,Anglais,688
2024,5,Mai,2,Espagnols,30
2024,5,Mai,2,Belges,21
2024,5,Mai,2,Suisses,64
2024,5,Mai,2,Hollandais,5
2024,5,Mai,2,Danois,2
2024,5,Mai,2,Norvégiens,3
2024,5,Mai,2,Suédois,5
2024,5,Mai,2,Finlandais,4
2024,5,Mai,2,Grecs,1
2024,5,Mai,2,Portugais,20
2024,5,Mai,2,Turcs,3
2024,5,Mai,2,Irlandais,2
2024,5,Mai,2,Russes,56
2024,5,Mai,2,Serbes,22
2024,5,Mai,2,Tchèques,21
2024,5,Mai,2,Polonais,98
2024,5,Mai,2,Hongrois,6
2024,5,Mai,2,Bulgares,170
2024,5,Mai,2,Slovènes,1
2024,5,Mai,2,Ukrainiens,7
2024,5,Mai,2,Lituaniens,9
2024,5,Mai,2,Roumains,47
2024,5,Mai,2,Divers Européens,120
2024,5,Mai,2,Canadiens,10
2024,5,Mai,2,Amériquains,7
2024,5,Mai,2,Chinois,1
2024,5,Mai,2,Japonais,5
2024,5,Mai,2,Marocains,12
2024,5,Mai,2,Algériens,104
2024,5,Mai,2,Libyens,14
2024,5,Mai,2,Mauritaniens,4
2024,5,Mai,2,Saoudiens,2
2024,5,Mai,2,Libanais,1
2024,5,Mai,2,Jordaniens,3
2024,5,Mai,2,Palestiniens,2
2024,5,Mai,2,Bahreïnis,3
2024,5,Mai,2,Emiratis,3
2024,5,Mai,2,Egyptiens,3
2024,5,Mai,2,Divers,23
2024,5,Mai,2,Tunisiens Res . Etr,2
2024,5,Mai,2,USA,6
2024,5,Mai,2,Résidents Tunisiens,1002
2024,6,Juin,2,Allemands,177
2024,6,Juin,2,Francais,554
2024,6,Juin,2,Italiens,58
2024,6,Juin,2,Anglais,702
2024,6,Juin,2,Espagnols,14
2024,6,Juin,2,Belges,11
2024,6,Juin,2,Suisses,45
2024,6,Juin,2,Hollandais,3
2024,6,Juin,2,Autrichiens,3
2024,6,Juin,2,Danois,18
2024,6,Juin,2,Norvégiens,2
2024,6,Juin,2,Suédois,34
2024,6,Juin,2,Finlandais,1
2024,6,Juin,2,Portugais,9
2024,6,Juin,2,Turcs,4
2024,6,Juin,2,Maltais,4
2024,6,Juin,2,Russes,49
2024,6,Juin,2,Serbes,60
2024,6,Juin,2,Tchèques,51
2024,6,Juin,2,Polonais,280
2024,6,Juin,2,Slovaques,1
2024,6,Juin,2,Hongrois,11
2024,6,Juin,2,Bulgares,312
2024,6,Juin,2,Slovènes,5
2024,6,Juin,2,Ukrainiens,33
2024,6,Juin,2,Croates,2
2024,6,Juin,2,Lituaniens,12
2024,6,Juin,2,Roumains,53
2024,6,Juin,2,Divers Européens,56
2024,6,Juin,2,Canadiens,8
2024,6,Juin,2,Amériquains,2
2024,6,Juin,2,Australiens,5
2024,6,Juin,2,Marocains,4
2024,6,Juin,2,Algériens,91
2024,6,Juin,2,Libyens,14
2024,6,Juin,2,Africains,1
2024,6,Juin,2,Irakiens,1
2024,6,Juin,2,Jordaniens,1
2024,6,Juin,2,Palestiniens,1
2024,6,Juin,2,Bahreïnis,3
2024,6,Juin,2,Egyptiens,5
2024,6,Juin,2,Divers,11
2024,6,Juin,2,Tunisiens Res . Etr,10
2024,6,Juin,2,USA,8
2024,6,Juin,2,Résidents Tunisiens,1040
2024,7,Juillet,2,Allemands,285
2024,7,Juillet,2,Francais,623
2024,7,Juillet,2,Italiens,47
2024,7,Juillet,2,Anglais,655
2024,7,Juillet,2,Espagnols,6
2024,7,Juillet,2,Belges,6
2024,7,Juillet,2,Suisses,41
2024,7,Juillet,2,Hollandais,3
2024,7,Juillet,2,Autrichiens,5
2024,7,Juillet,2,Danois,8
2024,7,Juillet,2,Norvégiens,12
2024,7,Juillet,2,Suédois,9
2024,7,Juillet,2,Finlandais,1
2024,7,Juillet,2,Portugais,19
2024,7,Juillet,2,Turcs,5
2024,7,Juillet,2,Russes,45
2024,7,Juillet,2,Serbes,73
2024,7,Juillet,2,Tchèques,49
2024,7,Juillet,2,Polonais,159
2024,7,Juillet,2,Slovaques,8
2024,7,Juillet,2,Hongrois,18
2024,7,Juillet,2,Bulgares,78
2024,7,Juillet,2,Slovènes,2
2024,7,Juillet,2,Ukrainiens,32
2024,7,Juillet,2,Croates,2
2024,7,Juillet,2,Lituaniens,9
2024,7,Juillet,2,Roumains,51
2024,7,Juillet,2,Divers Européens,142
2024,7,Juillet,2,Canadiens,1
2024,7,Juillet,2,Marocains,2
2024,7,Juillet,2,Algériens,145
2024,7,Juillet,2,Libyens,5
2024,7,Juillet,2,Mauritaniens,1
2024,7,Juillet,2,Saoudiens,1
2024,7,Juillet,2,koweitiens,1
2024,7,Juillet,2,Egyptiens,1
2024,7,Juillet,2,Divers,33
2024,7,Juillet,2,Tunisiens Res . Etr,11
2024,7,Juillet,2,USA,7
2024,7,Juillet,2,PAKISTANES,1
2024,7,Juillet,2,Résidents Tunisiens,2510
2024,8,Aout,2,Allemands,330
2024,8,Aout,2,Francais,697
2024,8,Aout,2,Italiens,149
2024,8,Aout,2,Anglais,621
2024,8,Aout,2,Espagnols,7
2024,8,Aout,2,Belges,5
2024,8,Aout,2,Suisses,10
2024,8,Aout,2,Hollandais,7
2024,8,Aout,2,Autrichiens,14
2024,8,Aout,2,Norvégiens,2
2024,8,Aout,2,Portugais,15
2024,8,Aout,2,Turcs,6
2024,8,Aout,2,Russes,41
2024,8,Aout,2,Serbes,40
2024,8,Aout,2,Tchèques,22
2024,8,Aout,2,Polonais,102
2024,8,Aout,2,Hongrois,20
2024,8,Aout,2,Bulgares,67
2024,8,Aout,2,Slovènes,9
2024,8,Aout,2,Ukrainiens,27
2024,8,Aout,2,Croates,2
2024,8,Aout,2,Lituaniens,2
2024,8,Aout,2,Roumains,35
2024,8,Aout,2,Divers Européens,105
2024,8,Aout,2,Japonais,2
2024,8,Aout,2,Marocains,2
2024,8,Aout,2,Algériens,143
2024,8,Aout,2,Libyens,21
2024,8,Aout,2,koweitiens,3
2024,8,Aout,2,Divers,48
2024,8,Aout,2,Tunisiens Res . Etr,9
2024,8,Aout,2,Résidents Tunisiens,2190
2024,9,Septembre,2,Allemands,195
2024,9,Septembre,2,Francais,404
2024,9,Septembre,2,Italiens,49
2024,9,Septembre,2,Anglais,593
2024,9,Septembre,2,Espagnols,9
2024,9,Septembre,2,Belges,13
2024,9,Septembre,2,Suisses,80
2024,9,Septembre,2,Hollandais,8
2024,9,Septembre,2,Autrichiens,3
2024,9,Septembre,2,Danois,6
2024,9,Septembre,2,Norvégiens,10
2024,9,Septembre,2,Suédois,4
2024,9,Septembre,2,Finlandais,4
2024,9,Septembre,2,Portugais,13
2024,9,Septembre,2,Irlandais,1
2024,9,Septembre,2,Russes,71
2024,9,Septembre,2,Serbes,57
2024,9,Septembre,2,Tchèques,49
2024,9,Septembre,2,Polonais,168
2024,9,Septembre,2,Hongrois,8
2024,9,Septembre,2,Bulgares,635
2024,9,Septembre,2,Ukrainiens,13
2024,9,Septembre,2,Lituaniens,2
2024,9,Septembre,2,Roumains,67
2024,9,Septembre,2,Divers Européens,137
2024,9,Septembre,2,Canadiens,17
2024,9,Septembre,2,Amériquains,1
2024,9,Septembre,2,Brésiliens,4
2024,9,Septembre,2,Marocains,4
2024,9,Septembre,2,Algériens,112
2024,9,Septembre,2,Libyens,5
2024,9,Septembre,2,Saoudiens,2
2024,9,Septembre,2,Libanais,1
2024,9,Septembre,2,Jordaniens,3
2024,9,Septembre,2,Divers,69
2024,9,Septembre,2,Tunisiens Res . Etr,6
2024,9,Septembre,2,THAILANDAIS,1
2024,9,Septembre,2,Résidents Tunisiens,701
2024,10,Octobre,2,Allemands,150
2024,10,Octobre,2,Francais,1284
2024,10,Octobre,2,Italiens,128
2024,10,Octobre,2,Anglais,920
2024,10,Octobre,2,Espagnols,17
2024,10,Octobre,2,Belges,15
2024,10,Octobre,2,Suisses,53
2024,10,Octobre,2,Hollandais,8
2024,10,Octobre,2,Autrichiens,1
2024,10,Octobre,2,Danois,17
2024,10,Octobre,2,Norvégiens,19
2024,10,Octobre,2,Suédois,26
2024,10,Octobre,2,Finlandais,3
2024,10,Octobre,2,Portugais,18
2024,10,Octobre,2,Turcs,1
2024,10,Octobre,2,Maltais,1
2024,10,Octobre,2,Russes,54
2024,10,Octobre,2,Serbes,2
2024,10,Octobre,2,Tchèques,22
2024,10,Octobre,2,Polonais,54
2024,10,Octobre,2,Slovaques,4
2024,10,Octobre,2,Hongrois,11
2024,10,Octobre,2,Bulgares,189
2024,10,Octobre,2,Slovènes,6
2024,10,Octobre,2,Ukrainiens,7
2024,10,Octobre,2,Croates,8
2024,10,Octobre,2,Lituaniens,21
2024,10,Octobre,2,Roumains,32
2024,10,Octobre,2,Divers Européens,80
2024,10,Octobre,2,Canadiens,16
2024,10,Octobre,2,Amériquains,2
2024,10,Octobre,2,Brésiliens,1
2024,10,Octobre,2,Australiens,1
2024,10,Octobre,2,Chinois,4
2024,10,Octobre,2,Marocains,9
2024,10,Octobre,2,Algériens,31
2024,10,Octobre,2,Libyens,2
2024,10,Octobre,2,Divers,49
2024,10,Octobre,2,Tunisiens Res . Etr,4
2024,10,Octobre,2,USA,6
2024,10,Octobre,2,Résidents Tunisiens,338
2024,11,Novembre,2,Allemands,117
2024,11,Novembre,2,Francais,623
2024,11,Novembre,2,Italiens,144
2024,11,Novembre,2,Anglais,675
2024,11,Novembre,2,Espagnols,17
2024,11,Novembre,2,Belges,24
2024,11,Novembre,2,Suisses,27
2024,11,Novembre,2,Hollandais,7
2024,11,Novembre,2,Autrichiens,6
2024,11,Novembre,2,Danois,6
2024,11,Novembre,2,Norvégiens,4
2024,11,Novembre,2,Suédois,1
2024,11,Novembre,2,Portugais,6
2024,11,Novembre,2,Turcs,8
2024,11,Novembre,2,Irlandais,3
2024,11,Novembre,2,Russes,52
2024,11,Novembre,2,Tchèques,2
2024,11,Novembre,2,Polonais,28
2024,11,Novembre,2,Slovaques,3
2024,11,Novembre,2,Bulgares,13
2024,11,Novembre,2,Ukrainiens,3
2024,11,Novembre,2,Croates,2
2024,11,Novembre,2,Lituaniens,4
2024,11,Novembre,2,Roumains,18
2024,11,Novembre,2,Divers Européens,30
2024,11,Novembre,2,Canadiens,4
2024,11,Novembre,2,Marocains,17
2024,11,Novembre,2,Algériens,279
2024,11,Novembre,2,Libyens,21
2024,11,Novembre,2,Africains,1
2024,11,Novembre,2,Saoudiens,8
2024,11,Novembre,2,Irakiens,6
2024,11,Novembre,2,Palestiniens,1
2024,11,Novembre,2,Divers,55
2024,11,Novembre,2,Tunisiens Res . Etr,10
2024,11,Novembre,2,USA,25
2024,11,Novembre,2,IRANEENS,2
2024,11,Novembre,2,Résidents Tunisiens,1846
2024,11,Novembre,2,Res. Etr. en Tunisie,1
2024,12,Decembre,2,Allemands,47
2024,12,Decembre,2,Francais,436
2024,12,Decembre,2,Italiens,99
2024,12,Decembre,2,Anglais,586
2024,12,Decembre,2,Espagnols,11
2024,12,Decembre,2,Belges,8
2024,12,Decembre,2,Suisses,30
2024,12,Decembre,2,Hollandais,5
2024,12,Decembre,2,Autrichiens,2
2024,12,Decembre,2,Luxembourgeois,2
2024,12,Decembre,2,Danois,15
2024,12,Decembre,2,Norvégiens,13
2024,12,Decembre,2,Suédois,9
2024,12,Decembre,2,Portugais,3
2024,12,Decembre,2,Turcs,11
2024,12,Decembre,2,Irlandais,5
2024,12,Decembre,2,Russes,10
2024,12,Decembre,2,Tchèques,1
2024,12,Decembre,2,Polonais,21
2024,12,Decembre,2,Slovaques,2
2024,12,Decembre,2,Bulgares,5
2024,12,Decembre,2,Slovènes,4
2024,12,Decembre,2,Ukrainiens,3
2024,12,Decembre,2,Lituaniens,3
2024,12,Decembre,2,Roumains,11
2024,12,Decembre,2,Divers Européens,27
2024,12,Decembre,2,Canadiens,4
2024,12,Decembre,2,Amériquains,2
2024,12,Decembre,2,Brésiliens,1
2024,12,Decembre,2,Chinois,23
2024,12,Decembre,2,Japonais,4
2024,12,Decembre,2,Marocains,27
2024,12,Decembre,2,Algériens,281
2024,12,Decembre,2,Libyens,26
2024,12,Decembre,2,Africains,8
2024,12,Decembre,2,Syriens,6
2024,12,Decembre,2,Irakiens,2
2024,12,Decembre,2,Jordaniens,2
2024,12,Decembre,2,Divers,46
2024,12,Decembre,2,Tunisiens Res . Etr,4
2024,12,Decembre,2,USA,5
2024,12,Decembre,2,IRANEENS,12
2024,12,Decembre,2,Résidents Tunisiens,2620
2025,1,Janvier,2,Allemands,40
2025,1,Janvier,2,Francais,203
2025,1,Janvier,2,Italiens,165
2025,1,Janvier,2,Anglais,294
2025,1,Janvier,2,Espagnols,9
2025,1,Janvier,2,Belges,4
2025,1,Janvier,2,Suisses,16
2025,1,Janvier,2,Hollandais,6
2025,1,Janvier,2,Autrichiens,1
2025,1,Janvier,2,Grecs,3
2025,1,Janvier,2,Portugais,3
2025,1,Janvier,2,Turcs,8
2025,1,Janvier,2,Irlandais,4
2025,1,Janvier,2,Russes,15
2025,1,Janvier,2,Polonais,33
2025,1,Janvier,2,Bulgares,4
2025,1,Janvier,2,Lituaniens,2
2025,1,Janvier,2,Roumains,5
2025,1,Janvier,2,Divers Européens,6
2025,1,Janvier,2,Canadiens,4
2025,1,Janvier,2,Amériquains,1
2025,1,Janvier,2,Brésiliens,6
2025,1,Janvier,2,Australiens,2
2025,1,Janvier,2,Chinois,5
2025,1,Janvier,2,Japonais,2
2025,1,Janvier,2,Marocains,13
2025,1,Janvier,2,Algériens,269
2025,1,Janvier,2,Libyens,55
2025,1,Janvier,2,Africains,4
2025,1,Janvier,2,Irakiens,16
2025,1,Janvier,2,Libanais,1
2025,1,Janvier,2,Jordaniens,1
2025,1,Janvier,2,koweitiens,2
2025,1,Janvier,2,Egyptiens,1
2025,1,Janvier,2,Divers,31
2025,1,Janvier,2,Tunisiens Res . Etr,10
2025,1,Janvier,2,USA,5
2025,1,Janvier,2,IRANEENS,1
2025,1,Janvier,2,Résidents Tunisiens,2510
2025,1,Janvier,2,Res. Etr. en Tunisie,1
2025,2,Fevrier,2,Allemands,36
2025,2,Fevrier,2,Francais,459
2025,2,Fevrier,2,Italiens,36
2025,2,Fevrier,2,Anglais,544
2025,2,Fevrier,2,Espagnols,9
2025,2,Fevrier,2,Belges,14
2025,2,Fevrier,2,Suisses,12
2025,2,Fevrier,2,Hollandais,10
2025,2,Fevrier,2,Autrichiens,4
2025,2,Fevrier,2,Danois,1
2025,2,Fevrier,2,Norvégiens,7
2025,2,Fevrier,2,Suédois,6
2025,2,Fevrier,2,Finlandais,1
2025,2,Fevrier,2,Portugais,5
2025,2,Fevrier,2,Turcs,25
2025,2,Fevrier,2,Irlandais,10
2025,2,Fevrier,2,Maltais,1
2025,2,Fevrier,2,Russes,15
2025,2,Fevrier,2,Tchèques,1
2025,2,Fevrier,2,Polonais,13
2025,2,Fevrier,2,Hongrois,1
2025,2,Fevrier,2,Bulgares,2
2025,2,Fevrier,2,Ukrainiens,1
2025,2,Fevrier,2,Roumains,3
2025,2,Fevrier,2,Divers Européens,12
2025,2,Fevrier,2,Canadiens,10
2025,2,Fevrier,2,Amériquains,3
2025,2,Fevrier,2,Divers Américains,1
2025,2,Fevrier,2,Chinois,15
2025,2,Fevrier,2,Japonais,11
2025,2,Fevrier,2,Marocains,2
2025,2,Fevrier,2,Algériens,191
2025,2,Fevrier,2,Libyens,25
2025,2,Fevrier,2,Mauritaniens,2
2025,2,Fevrier,2,Africains,11
2025,2,Fevrier,2,Saoudiens,2
2025,2,Fevrier,2,Syriens,1
2025,2,Fevrier,2,Irakiens,7
2025,2,Fevrier,2,Libanais,1
2025,2,Fevrier,2,Soudanais,2
2025,2,Fevrier,2,Egyptiens,2
2025,2,Fevrier,2,Divers,16
2025,2,Fevrier,2,Tunisiens Res . Etr,3
2025,2,Fevrier,2,USA,3
2025,2,Fevrier,2,ICELANDAIS,2
2025,2,Fevrier,2,IRANEENS,5
2025,2,Fevrier,2,Résidents Tunisiens,2440
2025,3,Mars,2,Allemands,52
2025,3,Mars,2,Francais,356
2025,3,Mars,2,Italiens,43
2025,3,Mars,2,Anglais,778
2025,3,Mars,2,Espagnols,2
2025,3,Mars,2,Belges,11
2025,3,Mars,2,Suisses,9
2025,3,Mars,2,Hollandais,9
2025,3,Mars,2,Autrichiens,2
2025,3,Mars,2,Danois,2
2025,3,Mars,2,Norvégiens,2
2025,3,Mars,2,Finlandais,2
2025,3,Mars,2,Portugais,16
2025,3,Mars,2,Turcs,4
2025,3,Mars,2,Irlandais,4
2025,3,Mars,2,Russes,4
2025,3,Mars,2,Polonais,11
2025,3,Mars,2,Hongrois,1
2025,3,Mars,2,Bulgares,1
2025,3,Mars,2,Ukrainiens,3
2025,3,Mars,2,Lituaniens,4
2025,3,Mars,2,Roumains,6
2025,3,Mars,2,Divers Européens,21
2025,3,Mars,2,Canadiens,14
2025,3,Mars,2,Brésiliens,4
2025,3,Mars,2,Australiens,4
2025,3,Mars,2,Chinois,4
2025,3,Mars,2,Marocains,1
2025,3,Mars,2,Algériens,38
2025,3,Mars,2,Libyens,5
2025,3,Mars,2,Africains,1
2025,3,Mars,2,Saoudiens,1
2025,3,Mars,2,Syriens,1
2025,3,Mars,2,Irakiens,1
2025,3,Mars,2,Divers,16
2025,3,Mars,2,Tunisiens Res . Etr,1
2025,3,Mars,2,IRANEENS,13
2025,3,Mars,2,Résidents Tunisiens,512
2025,3,Mars,2,Res. Etr. en Tunisie,32
2025,4,Avril,2,Allemands,129
2025,4,Avril,2,Francais,1416
2025,4,Avril,2,Italiens,319
2025,4,Avril,2,Anglais,871
2025,4,Avril,2,Espagnols,38
2025,4,Avril,2,Belges,52
2025,4,Avril,2,Suisses,47
2025,4,Avril,2,Hollandais,31
2025,4,Avril,2,Autrichiens,4
2025,4,Avril,2,Danois,9
2025,4,Avril,2,Suédois,3
2025,4,Avril,2,Portugais,21
2025,4,Avril,2,Turcs,5
2025,4,Avril,2,Russes,46
2025,4,Avril,2,Serbes,4
2025,4,Avril,2,Tchèques,8
2025,4,Avril,2,Polonais,18
2025,4,Avril,2,Hongrois,2
2025,4,Avril,2,Bulgares,20
2025,4,Avril,2,Slovènes,1
2025,4,Avril,2,Ukrainiens,8
2025,4,Avril,2,Lituaniens,8
2025,4,Avril,2,Roumains,16
2025,4,Avril,2,Divers Européens,43
2025,4,Avril,2,Canadiens,10
2025,4,Avril,2,Brésiliens,4
2025,4,Avril,2,Australiens,4
2025,4,Avril,2,Chinois,2
2025,4,Avril,2,Marocains,22
2025,4,Avril,2,Algériens,99
2025,4,Avril,2,Libyens,31
2025,4,Avril,2,Africains,2
2025,4,Avril,2,Saoudiens,3
2025,4,Avril,2,Irakiens,6
2025,4,Avril,2,Jordaniens,1
2025,4,Avril,2,Yémenites,2
2025,4,Avril,2,Bahreïnis,1
2025,4,Avril,2,Egyptiens,2
2025,4,Avril,2,Divers,27
2025,4,Avril,2,Tunisiens Res . Etr,1
2025,4,Avril,2,USA,1
2025,4,Avril,2,IRANEENS,6
2025,4,Avril,2,Résidents Tunisiens,1537
2025,4,Avril,2,Res. Etr. en Tunisie,6
2025,5,Mai,2,Allemands,93
2025,5,Mai,2,Francais,1121
2025,5,Mai,2,Italiens,165
2025,5,Mai,2,Anglais,1272
2025,5,Mai,2,Espagnols,8
2025,5,Mai,2,Belges,18
2025,5,Mai,2,Suisses,42
2025,5,Mai,2,Hollandais,4
2025,5,Mai,2,Autrichiens,5
2025,5,Mai,2,Luxembourgeois,3
2025,5,Mai,2,Danois,7
2025,5,Mai,2,Norvégiens,2
2025,5,Mai,2,Suédois,2
2025,5,Mai,2,Finlandais,2
2025,5,Mai,2,Grecs,3
2025,5,Mai,2,Portugais,36
2025,5,Mai,2,Turcs,15
2025,5,Mai,2,Irlandais,1
2025,5,Mai,2,Russes,87
2025,5,Mai,2,Serbes,5
2025,5,Mai,2,Tchèques,20
2025,5,Mai,2,Polonais,60
2025,5,Mai,2,Hongrois,2
2025,5,Mai,2,Bulgares,98
2025,5,Mai,2,Slovènes,1
2025,5,Mai,2,Ukrainiens,12
2025,5,Mai,2,Croates,7
2025,5,Mai,2,Lituaniens,5
2025,5,Mai,2,Roumains,38
2025,5,Mai,2,Divers Européens,57
2025,5,Mai,2,Canadiens,5
2025,5,Mai,2,Amériquains,5
2025,5,Mai,2,Brésiliens,2
2025,5,Mai,2,Chinois,2
2025,5,Mai,2,Marocains,30
2025,5,Mai,2,Algériens,115
2025,5,Mai,2,Libyens,12
2025,5,Mai,2,Saoudiens,2
2025,5,Mai,2,Irakiens,11
2025,5,Mai,2,Libanais,1
2025,5,Mai,2,Egyptiens,1
2025,5,Mai,2,Divers,27
2025,5,Mai,2,Tunisiens Res . Etr,8
2025,5,Mai,2,USA,8
2025,5,Mai,2,IRANEENS,3
2025,5,Mai,2,Résidents Tunisiens,792
2025,5,Mai,2,Res. Etr. en Tunisie,7
2025,6,Juin,2,Allemands,158
2025,6,Juin,2,Francais,405
2025,6,Juin,2,Italiens,98
2025,6,Juin,2,Anglais,1021
2025,6,Juin,2,Espagnols,19
2025,6,Juin,2,Belges,8
2025,6,Juin,2,Suisses,29
2025,6,Juin,2,Hollandais,8
2025,6,Juin,2,Autrichiens,4
2025,6,Juin,2,Danois,11
2025,6,Juin,2,Norvégiens,5
2025,6,Juin,2,Portugais,8
2025,6,Juin,2,Turcs,5
2025,6,Juin,2,Irlandais,5
2025,6,Juin,2,Maltais,1
2025,6,Juin,2,Russes,91
2025,6,Juin,2,Serbes,43
2025,6,Juin,2,Tchèques,56
2025,6,Juin,2,Polonais,169
2025,6,Juin,2,Slovaques,23
2025,6,Juin,2,Hongrois,4
2025,6,Juin,2,Bulgares,251
2025,6,Juin,2,Slovènes,14
2025,6,Juin,2,Ukrainiens,5
2025,6,Juin,2,Croates,5
2025,6,Juin,2,Roumains,53
2025,6,Juin,2,Divers Européens,115
2025,6,Juin,2,Canadiens,7
2025,6,Juin,2,Amériquains,9
2025,6,Juin,2,Brésiliens,2
2025,6,Juin,2,Australiens,7
2025,6,Juin,2,Marocains,16
2025,6,Juin,2,Algériens,106
2025,6,Juin,2,Libyens,16
2025,6,Juin,2,Saoudiens,3
2025,6,Juin,2,Irakiens,3
2025,6,Juin,2,Jordaniens,1
2025,6,Juin,2,koweitiens,3
2025,6,Juin,2,Emiratis,2
2025,6,Juin,2,Divers,42
2025,6,Juin,2,Tunisiens Res . Etr,6
2025,6,Juin,2,USA,5
2025,6,Juin,2,Résidents Tunisiens,1049
2025,6,Juin,2,Res. Etr. en Tunisie,5
2025,7,Juillet,2,Allemands,226
2025,7,Juillet,2,Francais,450
2025,7,Juillet,2,Italiens,56
2025,7,Juillet,2,Anglais,773
2025,7,Juillet,2,Espagnols,23
2025,7,Juillet,2,Belges,8
2025,7,Juillet,2,Suisses,32
2025,7,Juillet,2,Hollandais,16
2025,7,Juillet,2,Autrichiens,9
2025,7,Juillet,2,Danois,7
2025,7,Juillet,2,Norvégiens,19
2025,7,Juillet,2,Suédois,10
2025,7,Juillet,2,Finlandais,6
2025,7,Juillet,2,Portugais,17
2025,7,Juillet,2,Irlandais,4
2025,7,Juillet,2,Russes,48
2025,7,Juillet,2,Serbes,21
2025,7,Juillet,2,Tchèques,24
2025,7,Juillet,2,Polonais,129
2025,7,Juillet,2,Slovaques,14
2025,7,Juillet,2,Hongrois,29
2025,7,Juillet,2,Bulgares,21
2025,7,Juillet,2,Slovènes,5
2025,7,Juillet,2,Ukrainiens,17
2025,7,Juillet,2,Croates,2
2025,7,Juillet,2,Lituaniens,32
2025,7,Juillet,2,Roumains,45
2025,7,Juillet,2,Divers Européens,130
2025,7,Juillet,2,Amériquains,1
2025,7,Juillet,2,Brésiliens,10
2025,7,Juillet,2,Japonais,1
2025,7,Juillet,2,Marocains,5
2025,7,Juillet,2,Algériens,111
2025,7,Juillet,2,Libyens,14
2025,7,Juillet,2,Syriens,6
2025,7,Juillet,2,Libanais,2
2025,7,Juillet,2,Jordaniens,7
2025,7,Juillet,2,Bahreïnis,2
2025,7,Juillet,2,Egyptiens,2
2025,7,Juillet,2,Divers,33
2025,7,Juillet,2,Tunisiens Res . Etr,11
2025,7,Juillet,2,USA,2
2025,7,Juillet,2,Résidents Tunisiens,2822
2025,7,Juillet,2,Res. Etr. en Tunisie,5
2025,8,Aout,2,Allemands,220
2025,8,Aout,2,Francais,331
2025,8,Aout,2,Italiens,139
2025,8,Aout,2,Anglais,1063
2025,8,Aout,2,Espagnols,6
2025,8,Aout,2,Belges,14
2025,8,Aout,2,Suisses,26
2025,8,Aout,2,Hollandais,6
2025,8,Aout,2,Autrichiens,5
2025,8,Aout,2,Norvégiens,2
2025,8,Aout,2,Suédois,9
2025,8,Aout,2,Portugais,26
2025,8,Aout,2,Turcs,7
2025,8,Aout,2,Irlandais,2
2025,8,Aout,2,Russes,82
2025,8,Aout,2,Serbes,23
2025,8,Aout,2,Tchèques,27
2025,8,Aout,2,Polonais,128
2025,8,Aout,2,Slovaques,14
2025,8,Aout,2,Hongrois,5
2025,8,Aout,2,Bulgares,37
2025,8,Aout,2,Slovènes,4
2025,8,Aout,2,Ukrainiens,6
2025,8,Aout,2,Lituaniens,3
2025,8,Aout,2,Roumains,83
2025,8,Aout,2,Divers Européens,79
2025,8,Aout,2,Brésiliens,1
2025,8,Aout,2,Australiens,2
2025,8,Aout,2,Marocains,15
2025,8,Aout,2,Algériens,238
2025,8,Aout,2,Libyens,6
2025,8,Aout,2,Syriens,1
2025,8,Aout,2,Divers,16
2025,8,Aout,2,Tunisiens Res . Etr,3
2025,8,Aout,2,IRANEENS,2
2025,8,Aout,2,Résidents Tunisiens,1908
2025,8,Aout,2,Res. Etr. en Tunisie,2
2025,9,Septembre,2,Allemands,188
2025,9,Septembre,2,Francais,218
2025,9,Septembre,2,Italiens,63
2025,9,Septembre,2,Anglais,843
2025,9,Septembre,2,Belges,22
2025,9,Septembre,2,Suisses,15
2025,9,Septembre,2,Hollandais,12
2025,9,Septembre,2,Autrichiens,3
2025,9,Septembre,2,Danois,3
2025,9,Septembre,2,Norvégiens,12
2025,9,Septembre,2,Suédois,20
2025,9,Septembre,2,Finlandais,4
2025,9,Septembre,2,Portugais,6
2025,9,Septembre,2,Turcs,3
2025,9,Septembre,2,Irlandais,5
2025,9,Septembre,2,Russes,138
2025,9,Septembre,2,Serbes,31
2025,9,Septembre,2,Tchèques,41
2025,9,Septembre,2,Polonais,160
2025,9,Septembre,2,Slovaques,21
2025,9,Septembre,2,Hongrois,4
2025,9,Septembre,2,Bulgares,560
2025,9,Septembre,2,Slovènes,7
2025,9,Septembre,2,Ukrainiens,8
2025,9,Septembre,2,Croates,2
2025,9,Septembre,2,Lituaniens,5
2025,9,Septembre,2,Roumains,64
2025,9,Septembre,2,Divers Européens,91
2025,9,Septembre,2,Canadiens,10
2025,9,Septembre,2,Amériquains,3
2025,9,Septembre,2,Brésiliens,1
2025,9,Septembre,2,Australiens,3
2025,9,Septembre,2,Chinois,6
2025,9,Septembre,2,Marocains,14
2025,9,Septembre,2,Algériens,244
2025,9,Septembre,2,Libyens,12
2025,9,Septembre,2,Saoudiens,5
2025,9,Septembre,2,Syriens,2
2025,9,Septembre,2,Irakiens,4
2025,9,Septembre,2,Divers,21
2025,9,Septembre,2,USA,3
2025,9,Septembre,2,Résidents Tunisiens,694
2025,10,Octobre,2,Allemands,198
2025,10,Octobre,2,Francais,981
2025,10,Octobre,2,Italiens,178
2025,10,Octobre,2,Anglais,866
2025,10,Octobre,2,Espagnols,10
2025,10,Octobre,2,Belges,11
2025,10,Octobre,2,Suisses,56
2025,10,Octobre,2,Hollandais,9
2025,10,Octobre,2,Autrichiens,5
2025,10,Octobre,2,Danois,9
2025,10,Octobre,2,Suédois,21
2025,10,Octobre,2,Finlandais,7
2025,10,Octobre,2,Grecs,4
2025,10,Octobre,2,Portugais,31
2025,10,Octobre,2,Turcs,3
2025,10,Octobre,2,Irlandais,9
2025,10,Octobre,2,Maltais,2
2025,10,Octobre,2,Russes,83
2025,10,Octobre,2,Tchèques,6
2025,10,Octobre,2,Polonais,73
2025,10,Octobre,2,Hongrois,2
2025,10,Octobre,2,Bulgares,157
2025,10,Octobre,2,Slovènes,7
2025,10,Octobre,2,Ukrainiens,10
2025,10,Octobre,2,Croates,3
2025,10,Octobre,2,Lituaniens,6
2025,10,Octobre,2,Roumains,30
2025,10,Octobre,2,Divers Européens,115
2025,10,Octobre,2,Canadiens,25
2025,10,Octobre,2,Chinois,1
2025,10,Octobre,2,Marocains,15
2025,10,Octobre,2,Algériens,74
2025,10,Octobre,2,Libyens,1
2025,10,Octobre,2,Africains,1
2025,10,Octobre,2,Saoudiens,2
2025,10,Octobre,2,Syriens,1
2025,10,Octobre,2,Irakiens,1
2025,10,Octobre,2,Jordaniens,4
2025,10,Octobre,2,koweitiens,3
2025,10,Octobre,2,Qataris,2
2025,10,Octobre,2,Bahreïnis,1
2025,10,Octobre,2,Egyptiens,5
2025,10,Octobre,2,Divers,31
2025,10,Octobre,2,ICELANDAIS,3
2025,10,Octobre,2,IRANEENS,17
2025,10,Octobre,2,Résidents Tunisiens,422
2025,11,Novembre,2,Allemands,183
2025,11,Novembre,2,Francais,564
2025,11,Novembre,2,Italiens,186
2025,11,Novembre,2,Anglais,805
2025,11,Novembre,2,Espagnols,7
2025,11,Novembre,2,Belges,28
2025,11,Novembre,2,Suisses,43
2025,11,Novembre,2,Hollandais,11
2025,11,Novembre,2,Autrichiens,1
2025,11,Novembre,2,Danois,4
2025,11,Novembre,2,Norvégiens,7
2025,11,Novembre,2,Suédois,16
2025,11,Novembre,2,Finlandais,6
2025,11,Novembre,2,Grecs,1
2025,11,Novembre,2,Portugais,7
2025,11,Novembre,2,Turcs,42
2025,11,Novembre,2,Irlandais,9
2025,11,Novembre,2,Russes,42
2025,11,Novembre,2,Tchèques,2
2025,11,Novembre,2,Polonais,36
2025,11,Novembre,2,Hongrois,1
2025,11,Novembre,2,Bulgares,6
2025,11,Novembre,2,Ukrainiens,4
2025,11,Novembre,2,Lituaniens,2
2025,11,Novembre,2,Roumains,5
2025,11,Novembre,2,Divers Européens,72
2025,11,Novembre,2,Canadiens,5
2025,11,Novembre,2,Amériquains,3
2025,11,Novembre,2,Brésiliens,8
2025,11,Novembre,2,Australiens,5
2025,11,Novembre,2,Chinois,13
2025,11,Novembre,2,Japonais,5
2025,11,Novembre,2,Marocains,19
2025,11,Novembre,2,Algériens,196
2025,11,Novembre,2,Libyens,16
2025,11,Novembre,2,Africains,2
2025,11,Novembre,2,Saoudiens,14
2025,11,Novembre,2,Irakiens,7
2025,11,Novembre,2,Libanais,4
2025,11,Novembre,2,Jordaniens,3
2025,11,Novembre,2,Palestiniens,2
2025,11,Novembre,2,koweitiens,1
2025,11,Novembre,2,Soudanais,1
2025,11,Novembre,2,Oumanais,1
2025,11,Novembre,2,Emiratis,1
2025,11,Novembre,2,Divers,20
2025,11,Novembre,2,USA,3
2025,11,Novembre,2,IRANEENS,2
2025,11,Novembre,2,Résidents Tunisiens,1195
2025,12,Decembre,2,Allemands,90
2025,12,Decembre,2,Francais,371
2025,12,Decembre,2,Italiens,181
2025,12,Decembre,2,Anglais,653
2025,12,Decembre,2,Espagnols,10
2025,12,Decembre,2,Suisses,29
2025,12,Decembre,2,Hollandais,6
2025,12,Decembre,2,Danois,5
2025,12,Decembre,2,Norvégiens,5
2025,12,Decembre,2,Suédois,18
2025,12,Decembre,2,Finlandais,2
2025,12,Decembre,2,Portugais,7
2025,12,Decembre,2,Turcs,1
2025,12,Decembre,2,Russes,11
2025,12,Decembre,2,Polonais,33
2025,12,Decembre,2,Hongrois,1
2025,12,Decembre,2,Bulgares,112
2025,12,Decembre,2,Slovènes,10
2025,12,Decembre,2,Ukrainiens,4
2025,12,Decembre,2,Roumains,1
2025,12,Decembre,2,Divers Européens,30
2025,12,Decembre,2,Canadiens,22
2025,12,Decembre,2,Brésiliens,1
2025,12,Decembre,2,Australiens,2
2025,12,Decembre,2,Chinois,2
2025,12,Decembre,2,Marocains,10
2025,12,Decembre,2,Algériens,499
2025,12,Decembre,2,Libyens,4
2025,12,Decembre,2,Mauritaniens,2
2025,12,Decembre,2,Africains,20
2025,12,Decembre,2,Saoudiens,6
2025,12,Decembre,2,Irakiens,7
2025,12,Decembre,2,Jordaniens,1
2025,12,Decembre,2,Emiratis,1
2025,12,Decembre,2,Divers,16
2025,12,Decembre,2,USA,17
2025,12,Decembre,2,IRANEENS,4
2025,12,Decembre,2,Résidents Tunisiens,2287
2024,1,Janvier,3,Francais,52
2024,1,Janvier,3,Russes,3
2024,1,Janvier,3,Divers Européens,5
2024,1,Janvier,3,Chinois,4
2024,1,Janvier,3,Algériens,39
2024,1,Janvier,3,Saoudiens,3
2024,1,Janvier,3,Syriens,2
2024,1,Janvier,3,Résidents Tunisiens,350
2024,2,Fevrier,3,Allemands,1
2024,2,Fevrier,3,BOLIVIE,2
2024,2,Fevrier,3,Francais,178
2024,2,Fevrier,3,Italiens,1
2024,2,Fevrier,3,Anglais,2
2024,2,Fevrier,3,Belges,1
2024,2,Fevrier,3,Norvégiens,1
2024,2,Fevrier,3,Russes,3
2024,2,Fevrier,3,Divers Européens,11
2024,2,Fevrier,3,Japonais,2
2024,2,Fevrier,3,Marocains,16
2024,2,Fevrier,3,Algériens,19
2024,2,Fevrier,3,Libyens,5
2024,2,Fevrier,3,Saoudiens,17
2024,2,Fevrier,3,Jordaniens,3
2024,2,Fevrier,3,Egyptiens,32
2024,2,Fevrier,3,Tunisiens Res . Etr,1
2024,2,Fevrier,3,Résidents Tunisiens,636
2024,2,Fevrier,3,Res. Etr. en Tunisie,1
2024,3,Mars,3,Allemands,2
2024,3,Mars,3,Francais,117
2024,3,Mars,3,Divers Européens,7
2024,3,Mars,3,USA,4
2024,3,Mars,3,Algériens,3
2024,3,Mars,3,Africains,18
2024,3,Mars,3,Tunisiens Res . Etr,1
2024,3,Mars,3,Résidents Tunisiens,545
2024,4,Avril,3,Allemands,10
2024,4,Avril,3,BOLIVIE,4
2024,4,Avril,3,Francais,418
2024,4,Avril,3,Italiens,14
2024,4,Avril,3,Anglais,3
2024,4,Avril,3,Grecs,1
2024,4,Avril,3,Portugais,1
2024,4,Avril,3,Turcs,3
2024,4,Avril,3,Russes,6
2024,4,Avril,3,Serbes,2
2024,4,Avril,3,Tchèques,11
2024,4,Avril,3,Polonais,2
2024,4,Avril,3,Bulgares,42
2024,4,Avril,3,Slovènes,1
2024,4,Avril,3,Ukrainiens,1
2024,4,Avril,3,Lituaniens,42
2024,4,Avril,3,Roumains,22
2024,4,Avril,3,Divers Européens,19
2024,4,Avril,3,Canadiens,2
2024,4,Avril,3,USA,1
2024,4,Avril,3,Brésiliens,4
2024,4,Avril,3,Australiens,1
2024,4,Avril,3,Chinois,5
2024,4,Avril,3,Algériens,73
2024,4,Avril,3,Libyens,23
2024,4,Avril,3,Saoudiens,2
2024,4,Avril,3,Yémenites,6
2024,4,Avril,3,Divers,2
2024,4,Avril,3,Tunisiens Res . Etr,18
2024,4,Avril,3,Résidents Tunisiens,1415
2024,4,Avril,3,Res. Etr. en Tunisie,5
2024,6,Juin,3,Francais,571
2024,6,Juin,3,Italiens,17
2024,6,Juin,3,Anglais,58
2024,6,Juin,3,Espagnols,10
2024,6,Juin,3,MOLDOVIE,37
2024,6,Juin,3,Suisses,10
2024,6,Juin,3,Suédois,4
2024,6,Juin,3,Portugais,1
2024,6,Juin,3,Irlandais,1
2024,6,Juin,3,Russes,95
2024,6,Juin,3,Serbes,158
2024,6,Juin,3,Tchèques,123
2024,6,Juin,3,Polonais,23
2024,6,Juin,3,Slovaques,7
2024,6,Juin,3,Hongrois,10
2024,6,Juin,3,Bulgares,142
2024,6,Juin,3,Slovènes,12
2024,6,Juin,3,Ukrainiens,128
2024,6,Juin,3,Lituaniens,60
2024,6,Juin,3,Roumains,143
2024,6,Juin,3,Divers Européens,76
2024,6,Juin,3,Canadiens,1
2024,6,Juin,3,USA,4
2024,6,Juin,3,Brésiliens,1
2024,6,Juin,3,Chinois,2
2024,6,Juin,3,Japonais,1
2024,6,Juin,3,Marocains,1
2024,6,Juin,3,Algériens,253
2024,6,Juin,3,Libyens,13
2024,6,Juin,3,Africains,1
2024,6,Juin,3,Jordaniens,3
2024,6,Juin,3,Palestiniens,1
2024,6,Juin,3,Divers,1
2024,6,Juin,3,Tunisiens Res . Etr,11
2024,6,Juin,3,Résidents Tunisiens,1346
2024,6,Juin,3,Res. Etr. en Tunisie,12
2024,7,Juillet,3,BOLIVIE,8
2024,7,Juillet,3,Francais,797
2024,7,Juillet,3,Italiens,24
2024,7,Juillet,3,Anglais,40
2024,7,Juillet,3,Espagnols,11
2024,7,Juillet,3,MOLDOVIE,17
2024,7,Juillet,3,Belges,2
2024,7,Juillet,3,Suisses,6
2024,7,Juillet,3,Danois,6
2024,7,Juillet,3,BANGLADESHE,3
2024,7,Juillet,3,Portugais,1
2024,7,Juillet,3,ARGENTINE,1
2024,7,Juillet,3,Russes,100
2024,7,Juillet,3,Serbes,151
2024,7,Juillet,3,Tchèques,191
2024,7,Juillet,3,Polonais,42
2024,7,Juillet,3,Slovaques,6
2024,7,Juillet,3,Hongrois,15
2024,7,Juillet,3,Bulgares,66
2024,7,Juillet,3,Slovènes,20
2024,7,Juillet,3,Ukrainiens,80
2024,7,Juillet,3,Croates,3
2024,7,Juillet,3,Lituaniens,49
2024,7,Juillet,3,Roumains,74
2024,7,Juillet,3,Divers Européens,203
2024,7,Juillet,3,Canadiens,2
2024,7,Juillet,3,USA,1
2024,7,Juillet,3,Algériens,85
2024,7,Juillet,3,Libyens,5
2024,7,Juillet,3,Yémenites,7
2024,7,Juillet,3,Egyptiens,2
2024,7,Juillet,3,Divers,11
2024,7,Juillet,3,Tunisiens Res . Etr,2
2024,7,Juillet,3,Résidents Tunisiens,1949
2024,7,Juillet,3,Res. Etr. en Tunisie,5
2024,8,Aout,3,BOLIVIE,3
2024,8,Aout,3,Francais,1033
2024,8,Aout,3,Italiens,67
2024,8,Aout,3,Anglais,70
2024,8,Aout,3,Belges,4
2024,8,Aout,3,Suisses,2
2024,8,Aout,3,Suédois,2
2024,8,Aout,3,Portugais,9
2024,8,Aout,3,ARGENTINE,2
2024,8,Aout,3,Russes,81
2024,8,Aout,3,Serbes,104
2024,8,Aout,3,Tchèques,81
2024,8,Aout,3,Polonais,28
2024,8,Aout,3,Hongrois,11
2024,8,Aout,3,Bulgares,69
2024,8,Aout,3,Ukrainiens,44
2024,8,Aout,3,Croates,4
2024,8,Aout,3,Lituaniens,23
2024,8,Aout,3,Roumains,142
2024,8,Aout,3,Divers Européens,200
2024,8,Aout,3,Canadiens,3
2024,8,Aout,3,USA,1
2024,8,Aout,3,Marocains,1
2024,8,Aout,3,Algériens,166
2024,8,Aout,3,Libyens,4
2024,8,Aout,3,Saoudiens,6
2024,8,Aout,3,Bahreïnis,4
2024,8,Aout,3,Divers,6
2024,8,Aout,3,Tunisiens Res . Etr,7
2024,8,Aout,3,Résidents Tunisiens,1243
2024,8,Aout,3,Res. Etr. en Tunisie,11
2024,9,Septembre,3,Francais,654
2024,9,Septembre,3,Italiens,27
2024,9,Septembre,3,Anglais,62
2024,9,Septembre,3,ROUANDA,3
2024,9,Septembre,3,Espagnols,4
2024,9,Septembre,3,MOLDOVIE,4
2024,9,Septembre,3,Belges,3
2024,9,Septembre,3,Suisses,7
2024,9,Septembre,3,Suédois,6
2024,9,Septembre,3,Portugais,10
2024,9,Septembre,3,Irlandais,2
2024,9,Septembre,3,Russes,102
2024,9,Septembre,3,Serbes,103
2024,9,Septembre,3,Tchèques,111
2024,9,Septembre,3,Polonais,57
2024,9,Septembre,3,Slovaques,4
2024,9,Septembre,3,Hongrois,9
2024,9,Septembre,3,Bulgares,254
2024,9,Septembre,3,Slovènes,2
2024,9,Septembre,3,Ukrainiens,45
2024,9,Septembre,3,Lituaniens,47
2024,9,Septembre,3,Roumains,222
2024,9,Septembre,3,Divers Européens,199
2024,9,Septembre,3,Australiens,1
2024,9,Septembre,3,Marocains,1
2024,9,Septembre,3,Algériens,210
2024,9,Septembre,3,Libyens,5
2024,9,Septembre,3,Divers,25
2024,9,Septembre,3,Tunisiens Res . Etr,4
2024,9,Septembre,3,Résidents Tunisiens,650
2024,9,Septembre,3,Res. Etr. en Tunisie,6
2024,10,Octobre,3,Francais,1165
2024,10,Octobre,3,Italiens,16
2024,10,Octobre,3,Anglais,51
2024,10,Octobre,3,Belges,10
2024,10,Octobre,3,Suisses,10
2024,10,Octobre,3,Luxembourgeois,2
2024,10,Octobre,3,Danois,2
2024,10,Octobre,3,Norvégiens,2
2024,10,Octobre,3,Finlandais,1
2024,10,Octobre,3,Portugais,2
2024,10,Octobre,3,Irlandais,3
2024,10,Octobre,3,Russes,76
2024,10,Octobre,3,Serbes,33
2024,10,Octobre,3,Tchèques,49
2024,10,Octobre,3,Polonais,24
2024,10,Octobre,3,Bulgares,58
2024,10,Octobre,3,Slovènes,6
2024,10,Octobre,3,Ukrainiens,23
2024,10,Octobre,3,Croates,2
2024,10,Octobre,3,Lituaniens,33
2024,10,Octobre,3,Roumains,88
2024,10,Octobre,3,Divers Européens,263
2024,10,Octobre,3,Canadiens,4
2024,10,Octobre,3,Marocains,1
2024,10,Octobre,3,Algériens,157
2024,10,Octobre,3,Libyens,6
2024,10,Octobre,3,Divers,23
2024,10,Octobre,3,Résidents Tunisiens,1043
2024,10,Octobre,3,Res. Etr. en Tunisie,7
2024,11,Novembre,3,Francais,162
2024,11,Novembre,3,Italiens,2
2024,11,Novembre,3,Anglais,60
2024,11,Novembre,3,Espagnols,9
2024,11,Novembre,3,Danois,2
2024,11,Novembre,3,Suédois,2
2024,11,Novembre,3,Portugais,1
2024,11,Novembre,3,Turcs,13
2024,11,Novembre,3,Russes,2
2024,11,Novembre,3,Slovaques,1
2024,11,Novembre,3,Ukrainiens,1
2024,11,Novembre,3,Roumains,28
2024,11,Novembre,3,Divers Européens,96
2024,11,Novembre,3,USA,2
2024,11,Novembre,3,Brésiliens,1
2024,11,Novembre,3,Marocains,2
2024,11,Novembre,3,Algériens,211
2024,11,Novembre,3,Libyens,11
2024,11,Novembre,3,Africains,2
2024,11,Novembre,3,Irakiens,3
2024,11,Novembre,3,Tunisiens Res . Etr,4
2024,11,Novembre,3,Résidents Tunisiens,2383
2024,12,Decembre,3,Allemands,1
2024,12,Decembre,3,Francais,222
2024,12,Decembre,3,Italiens,132
2024,12,Decembre,3,Anglais,73
2024,12,Decembre,3,Espagnols,1
2024,12,Decembre,3,Belges,2
2024,12,Decembre,3,Suisses,3
2024,12,Decembre,3,UZBEKISTAN,1
2024,12,Decembre,3,Portugais,1
2024,12,Decembre,3,Turcs,3
2024,12,Decembre,3,Irlandais,3
2024,12,Decembre,3,ARGENTINE,2
2024,12,Decembre,3,Russes,3
2024,12,Decembre,3,Polonais,4
2024,12,Decembre,3,Slovaques,1
2024,12,Decembre,3,Divers Européens,17
2024,12,Decembre,3,Canadiens,5
2024,12,Decembre,3,USA,1
2024,12,Decembre,3,Brésiliens,5
2024,12,Decembre,3,Marocains,8
2024,12,Decembre,3,Algériens,235
2024,12,Decembre,3,Libyens,11
2024,12,Decembre,3,Africains,2
2024,12,Decembre,3,Saoudiens,1
2024,12,Decembre,3,Irakiens,1
2024,12,Decembre,3,Palestiniens,9
2024,12,Decembre,3,koweitiens,1
2024,12,Decembre,3,Egyptiens,1
2024,12,Decembre,3,Tunisiens Res . Etr,5
2024,12,Decembre,3,Résidents Tunisiens,3074
